x-axis,1,2
second,Volt,Volt
-26.0000E-06,+381.9095436E-03,+3.8231782913E+00
-25.4800E-06,+462.3115528E-03,+3.8231782913E+00
-24.9600E-06,+442.2110505E-03,+4.0241833180E+00
-24.4400E-06,+402.0100459E-03,+4.0241833180E+00
-23.9200E-06,+281.4070322E-03,+3.8231782913E+00
-23.4000E-06,+160.8040184E-03,+3.8231782913E+00
-22.8800E-06,+20.1005023E-03,+3.8231782913E+00
-22.3600E-06,-140.7035161E-03,+3.8231782913E+00
-21.8400E-06,-261.3065299E-03,+3.8231782913E+00
-21.3200E-06,-361.8090414E-03,+3.8231782913E+00
-20.8000E-06,-442.2110505E-03,+3.8231782913E+00
-20.2800E-06,-482.4120551E-03,+3.8231782913E+00
-19.7600E-06,-462.3115528E-03,+3.8231782913E+00
-19.2400E-06,-361.8090414E-03,+3.6221732646E+00
-18.7200E-06,-281.4070322E-03,+3.8231782913E+00
-18.2000E-06,-160.8040184E-03,+3.8231782913E+00
-17.6800E-06,+20.1005023E-03,+3.8231782913E+00
-17.1600E-06,+160.8040184E-03,+3.8231782913E+00
-16.6400E-06,+281.4070322E-03,+4.0241833180E+00
-16.1200E-06,+381.9095436E-03,+4.0241833180E+00
-15.6000E-06,+442.2110505E-03,+4.0241833180E+00
-15.0800E-06,+442.2110505E-03,+3.8231782913E+00
-14.5600E-06,+402.0100459E-03,+3.8231782913E+00
-14.0400E-06,+321.6080368E-03,+4.0241833180E+00
-13.5200E-06,+201.0050230E-03,+3.8231782913E+00
-13.0000E-06,+40.2010046E-03,+3.8231782913E+00
-12.4800E-06,-100.5025115E-03,+3.8231782913E+00
-11.9600E-06,-241.2060276E-03,+3.6221732646E+00
-11.4400E-06,-341.7085391E-03,+3.8231782913E+00
-10.9200E-06,-442.2110505E-03,+3.8231782913E+00
-10.4000E-06,-482.4120551E-03,+3.8231782913E+00
-9.8800E-06,-462.3115528E-03,+4.0241833180E+00
-9.3600E-06,-402.0100459E-03,+3.8231782913E+00
-8.8400E-06,-301.5075345E-03,+3.8231782913E+00
-8.3200E-06,-180.9045207E-03,+3.6221732646E+00
-7.8000E-06,-40.2010046E-03,+4.0241833180E+00
-7.2800E-06,+120.6030138E-03,+3.8231782913E+00
-6.7600E-06,+241.2060276E-03,+4.0241833180E+00
-6.2400E-06,+361.8090414E-03,+3.8231782913E+00
-5.7200E-06,+422.1105482E-03,+3.8231782913E+00
-5.2000E-06,+442.2110505E-03,+4.0241833180E+00
-4.6800E-06,+422.1105482E-03,+4.0241833180E+00
-4.1600E-06,+341.7085391E-03,+3.8231782913E+00
-3.6400E-06,+221.1055253E-03,+3.8231782913E+00
-3.1200E-06,+100.5025115E-03,+3.8231782913E+00
-2.6000E-06,-40.2010046E-03,+3.8231782913E+00
-2.0800E-06,-201.0050230E-03,+3.8231782913E+00
-1.5600E-06,-321.6080368E-03,+3.8231782913E+00
-1.0400E-06,-422.1105482E-03,+3.8231782913E+00
-520.0E-09,-462.3115528E-03,+3.8231782913E+00
-0.0E+00,-442.2110505E-03,+3.6221732646E+00
+520.0E-09,-402.0100459E-03,-196.9222426E-03
+1.0400E-06,-321.6080368E-03,+4.0827841E-03
+1.5600E-06,-221.1055253E-03,+4.0827841E-03
+2.0800E-06,-40.2010046E-03,+4.0827841E-03
+2.6000E-06,+60.3015069E-03,+4.0827841E-03
+3.1200E-06,+221.1055253E-03,+4.0827841E-03
+3.6400E-06,+321.6080368E-03,+4.0827841E-03
+4.1600E-06,+422.1105482E-03,+205.0878108E-03
+4.6800E-06,+422.1105482E-03,+4.0827841E-03
+5.2000E-06,+442.2110505E-03,+4.0827841E-03
+5.7200E-06,+361.8090414E-03,+4.0827841E-03
+6.2400E-06,+241.2060276E-03,+205.0878108E-03
+6.7600E-06,+100.5025115E-03,+205.0878108E-03
+7.2800E-06,-40.2010046E-03,+4.0827841E-03
+7.8000E-06,-180.9045207E-03,+205.0878108E-03
+8.3200E-06,-301.5075345E-03,+4.0827841E-03
+8.8400E-06,-422.1105482E-03,+4.0827841E-03
+9.3600E-06,-462.3115528E-03,+4.0827841E-03
+9.8800E-06,-482.4120551E-03,+205.0878108E-03
+10.4000E-06,-422.1105482E-03,+4.0827841E-03
+10.9200E-06,-301.5075345E-03,+4.0827841E-03
+11.4400E-06,-201.0050230E-03,+4.0827841E-03
+11.9600E-06,-40.2010046E-03,+205.0878108E-03
+12.4800E-06,+100.5025115E-03,+4.0827841E-03
+13.0000E-06,+241.2060276E-03,+205.0878108E-03
+13.5200E-06,+341.7085391E-03,+4.0827841E-03
+14.0400E-06,+442.2110505E-03,+4.0827841E-03
+14.5600E-06,+462.3115528E-03,+4.0827841E-03
+15.0800E-06,+402.0100459E-03,+4.0827841E-03
+15.6000E-06,+341.7085391E-03,+205.0878108E-03
+16.1200E-06,+221.1055253E-03,+4.0827841E-03
+16.6400E-06,+80.4020092E-03,+4.0827841E-03
+17.1600E-06,-80.4020092E-03,+205.0878108E-03
+17.6800E-06,-221.1055253E-03,+4.0827841E-03
+18.2000E-06,-361.8090414E-03,+4.0827841E-03
+18.7200E-06,-422.1105482E-03,+205.0878108E-03
+19.2400E-06,-462.3115528E-03,+4.0827841E-03
+19.7600E-06,-462.3115528E-03,+205.0878108E-03
+20.2800E-06,-381.9095436E-03,+4.0827841E-03
+20.8000E-06,-261.3065299E-03,+205.0878108E-03
+21.3200E-06,-120.6030138E-03,+205.0878108E-03
+21.8400E-06,+20.1005023E-03,+205.0878108E-03
+22.3600E-06,+180.9045207E-03,+205.0878108E-03
+22.8800E-06,+301.5075345E-03,+205.0878108E-03
+23.4000E-06,+402.0100459E-03,+205.0878108E-03
+23.9200E-06,+442.2110505E-03,+205.0878108E-03
+24.4400E-06,+442.2110505E-03,+205.0878108E-03
+24.9600E-06,+361.8090414E-03,+205.0878108E-03
+25.4800E-06,+241.2060276E-03,-196.9222426E-03
+26.0000E-06,+80.4020092E-03,+4.0827841E-03
+26.5200E-06,-60.3015069E-03,+205.0878108E-03
+27.0400E-06,-201.0050230E-03,+205.0878108E-03
+27.5600E-06,-341.7085391E-03,+4.0827841E-03
+28.0800E-06,-422.1105482E-03,+4.0827841E-03
+28.6000E-06,-462.3115528E-03,+205.0878108E-03
+29.1200E-06,-462.3115528E-03,+4.0827841E-03
+29.6400E-06,-402.0100459E-03,+205.0878108E-03
+30.1600E-06,-261.3065299E-03,+4.0827841E-03
+30.6800E-06,-100.5025115E-03,+205.0878108E-03
+31.2000E-06,+40.2010046E-03,+4.0827841E-03
+31.7200E-06,+180.9045207E-03,+4.0827841E-03
+32.2400E-06,+321.6080368E-03,+4.0827841E-03
+32.7600E-06,+422.1105482E-03,-196.9222426E-03
+33.2800E-06,+442.2110505E-03,+4.0827841E-03
+33.8000E-06,+422.1105482E-03,+4.0827841E-03
+34.3200E-06,+321.6080368E-03,+205.0878108E-03
+34.8400E-06,+201.0050230E-03,+205.0878108E-03
+35.3600E-06,+60.3015069E-03,+205.0878108E-03
+35.8800E-06,-100.5025115E-03,+4.0827841E-03
+36.4000E-06,-241.2060276E-03,+4.0827841E-03
+36.9200E-06,-402.0100459E-03,+4.0827841E-03
+37.4400E-06,-442.2110505E-03,-196.9222426E-03
+37.9600E-06,-462.3115528E-03,+205.0878108E-03
+38.4800E-06,-442.2110505E-03,+4.0827841E-03
+39.0000E-06,-321.6080368E-03,+4.0827841E-03
+39.5200E-06,-201.0050230E-03,+205.0878108E-03
+40.0400E-06,-60.3015069E-03,+4.0827841E-03
+40.5600E-06,+120.6030138E-03,+4.0827841E-03
+41.0800E-06,+281.4070322E-03,+205.0878108E-03
+41.6000E-06,+361.8090414E-03,+4.0827841E-03
+42.1200E-06,+442.2110505E-03,+205.0878108E-03
+42.6400E-06,+422.1105482E-03,+205.0878108E-03
+43.1600E-06,+381.9095436E-03,+205.0878108E-03
+43.6800E-06,+261.3065299E-03,+4.0827841E-03
+44.2000E-06,+120.6030138E-03,+205.0878108E-03
+44.7200E-06,-60.3015069E-03,+4.0827841E-03
+45.2400E-06,-201.0050230E-03,+205.0878108E-03
+45.7600E-06,-361.8090414E-03,+4.0827841E-03
+46.2800E-06,-442.2110505E-03,+4.0827841E-03
+46.8000E-06,-462.3115528E-03,+205.0878108E-03
+47.3200E-06,-442.2110505E-03,+205.0878108E-03
+47.8400E-06,-341.7085391E-03,+4.0827841E-03
+48.3600E-06,-241.2060276E-03,+4.0827841E-03
+48.8800E-06,-40.2010046E-03,+4.0827841E-03
+49.4000E-06,+120.6030138E-03,+4.0827841E-03
+49.9200E-06,+261.3065299E-03,+205.0878108E-03
+50.4400E-06,+381.9095436E-03,+4.0827841E-03
+50.9600E-06,+422.1105482E-03,+205.0878108E-03
+51.4800E-06,+422.1105482E-03,+4.0827841E-03
+52.0000E-06,+361.8090414E-03,+4.0827841E-03
+52.5200E-06,+241.2060276E-03,+4.0827841E-03
+53.0400E-06,+80.4020092E-03,+4.0827841E-03
+53.5600E-06,-80.4020092E-03,+4.0827841E-03
+54.0800E-06,-221.1055253E-03,+4.0827841E-03
+54.6000E-06,-361.8090414E-03,+4.0827841E-03
+55.1200E-06,-422.1105482E-03,+205.0878108E-03
+55.6400E-06,-482.4120551E-03,+205.0878108E-03
+56.1600E-06,-402.0100459E-03,+205.0878108E-03
+56.6800E-06,-321.6080368E-03,+205.0878108E-03
+57.2000E-06,-160.8040184E-03,+4.0827841E-03
+57.7200E-06,-20.1005023E-03,+205.0878108E-03
+58.2400E-06,+180.9045207E-03,+205.0878108E-03
+58.7600E-06,+281.4070322E-03,+4.0827841E-03
+59.2800E-06,+402.0100459E-03,+4.0827841E-03
+59.8000E-06,+422.1105482E-03,+4.0827841E-03
+60.3200E-06,+402.0100459E-03,+205.0878108E-03
+60.8400E-06,+321.6080368E-03,+205.0878108E-03
+61.3600E-06,+160.8040184E-03,+4.0827841E-03
+61.8800E-06,+0.0E+00,+4.0827841E-03
+62.4000E-06,-180.9045207E-03,+205.0878108E-03
+62.9200E-06,-321.6080368E-03,+205.0878108E-03
+63.4400E-06,-422.1105482E-03,+4.0827841E-03
+63.9600E-06,-442.2110505E-03,+4.0827841E-03
+64.4800E-06,-462.3115528E-03,+205.0878108E-03
+65.0000E-06,-361.8090414E-03,+205.0878108E-03
+65.5200E-06,-221.1055253E-03,+4.0827841E-03
+66.0400E-06,-60.3015069E-03,+4.0827841E-03
+66.5600E-06,+120.6030138E-03,+4.0827841E-03
+67.0800E-06,+281.4070322E-03,+4.0827841E-03
+67.6000E-06,+381.9095436E-03,+205.0878108E-03
+68.1200E-06,+422.1105482E-03,+205.0878108E-03
+68.6400E-06,+402.0100459E-03,+4.0827841E-03
+69.1600E-06,+321.6080368E-03,+4.0827841E-03
+69.6800E-06,+221.1055253E-03,+205.0878108E-03
+70.2000E-06,+20.1005023E-03,+205.0878108E-03
+70.7200E-06,-140.7035161E-03,+4.0827841E-03
+71.2400E-06,-301.5075345E-03,+4.0827841E-03
+71.7600E-06,-402.0100459E-03,+205.0878108E-03
+72.2800E-06,-442.2110505E-03,+4.0827841E-03
+72.8000E-06,-442.2110505E-03,+4.0827841E-03
+73.3200E-06,-361.8090414E-03,+205.0878108E-03
+73.8400E-06,-221.1055253E-03,+205.0878108E-03
+74.3600E-06,-60.3015069E-03,+4.0827841E-03
+74.8800E-06,+140.7035161E-03,+205.0878108E-03
+75.4000E-06,+281.4070322E-03,+4.0827841E-03
+75.9200E-06,+381.9095436E-03,+205.0878108E-03
+76.4400E-06,+442.2110505E-03,+4.0827841E-03
+76.9600E-06,+402.0100459E-03,+4.0827841E-03
+77.4800E-06,+321.6080368E-03,+205.0878108E-03
+78.0000E-06,+180.9045207E-03,+205.0878108E-03
+78.5200E-06,-0.0E+00,+205.0878108E-03
+79.0400E-06,-180.9045207E-03,+205.0878108E-03
+79.5600E-06,-301.5075345E-03,+4.0827841E-03
+80.0800E-06,-422.1105482E-03,+4.0827841E-03
+80.6000E-06,-462.3115528E-03,+4.0827841E-03
+81.1200E-06,-422.1105482E-03,+205.0878108E-03
+81.6400E-06,-321.6080368E-03,+205.0878108E-03
+82.1600E-06,-140.7035161E-03,+4.0827841E-03
+82.6800E-06,+40.2010046E-03,+4.0827841E-03
+83.2000E-06,+180.9045207E-03,+4.0827841E-03
+83.7200E-06,+321.6080368E-03,+4.0827841E-03
+84.2400E-06,+402.0100459E-03,+205.0878108E-03
+84.7600E-06,+422.1105482E-03,+4.0827841E-03
+85.2800E-06,+361.8090414E-03,+205.0878108E-03
+85.8000E-06,+241.2060276E-03,+4.0827841E-03
+86.3200E-06,+40.2010046E-03,+4.0827841E-03
+86.8400E-06,-120.6030138E-03,+4.0827841E-03
+87.3600E-06,-281.4070322E-03,+205.0878108E-03
+87.8800E-06,-381.9095436E-03,+4.0827841E-03
+88.4000E-06,-442.2110505E-03,+4.0827841E-03
+88.9200E-06,-422.1105482E-03,+205.0878108E-03
+89.4400E-06,-341.7085391E-03,+4.0827841E-03
+89.9600E-06,-201.0050230E-03,+4.0827841E-03
+90.4800E-06,-0.0E+00,-196.9222426E-03
+91.0000E-06,+160.8040184E-03,+4.0827841E-03
+91.5200E-06,+321.6080368E-03,+4.0827841E-03
+92.0400E-06,+381.9095436E-03,+4.0827841E-03
+92.5600E-06,+422.1105482E-03,+406.0928374E-03
+93.0800E-06,+361.8090414E-03,+205.0878108E-03
+93.6000E-06,+241.2060276E-03,+205.0878108E-03
+94.1200E-06,+80.4020092E-03,+4.0827841E-03
+94.6400E-06,-100.5025115E-03,+4.0827841E-03
+95.1600E-06,-261.3065299E-03,+4.0827841E-03
+95.6800E-06,-381.9095436E-03,+4.0827841E-03
+96.2000E-06,-442.2110505E-03,+4.0827841E-03
+96.7200E-06,-442.2110505E-03,-196.9222426E-03
+97.2400E-06,-361.8090414E-03,+4.0827841E-03
+97.7600E-06,-180.9045207E-03,+4.0827841E-03
+98.2800E-06,-20.1005023E-03,+4.0827841E-03
+98.8000E-06,+180.9045207E-03,+205.0878108E-03
+99.3200E-06,+321.6080368E-03,+205.0878108E-03
+99.8400E-06,+422.1105482E-03,+205.0878108E-03
+100.3600E-06,+422.1105482E-03,-196.9222426E-03
+100.8800E-06,+361.8090414E-03,+4.0827841E-03
+101.4000E-06,+221.1055253E-03,+205.0878108E-03
+101.9200E-06,+40.2010046E-03,+205.0878108E-03
+102.4400E-06,-140.7035161E-03,+205.0878108E-03
+102.9600E-06,-301.5075345E-03,+4.0827841E-03
+103.4800E-06,-422.1105482E-03,+4.0827841E-03
+104.0000E-06,-462.3115528E-03,+205.0878108E-03
+104.5200E-06,-422.1105482E-03,+4.0827841E-03
+105.0400E-06,-301.5075345E-03,+4.0827841E-03
+105.5600E-06,-140.7035161E-03,+4.0827841E-03
+106.0800E-06,+80.4020092E-03,+4.0827841E-03
+106.6000E-06,+221.1055253E-03,+4.0827841E-03
+107.1200E-06,+361.8090414E-03,+4.0827841E-03
+107.6400E-06,+442.2110505E-03,+4.0827841E-03
+108.1600E-06,+422.1105482E-03,+205.0878108E-03
+108.6800E-06,+301.5075345E-03,+205.0878108E-03
+109.2000E-06,+100.5025115E-03,+4.0827841E-03
+109.7200E-06,-60.3015069E-03,+4.0827841E-03
+110.2400E-06,-221.1055253E-03,+4.0827841E-03
+110.7600E-06,-381.9095436E-03,+205.0878108E-03
+111.2800E-06,-442.2110505E-03,+205.0878108E-03
+111.8000E-06,-462.3115528E-03,+205.0878108E-03
+112.3200E-06,-341.7085391E-03,+205.0878108E-03
+112.8400E-06,-201.0050230E-03,+4.0827841E-03
+113.3600E-06,+20.1005023E-03,+4.0827841E-03
+113.8800E-06,+201.0050230E-03,+4.0827841E-03
+114.4000E-06,+341.7085391E-03,+4.0827841E-03
+114.9200E-06,+422.1105482E-03,+4.0827841E-03
+115.4400E-06,+402.0100459E-03,+4.0827841E-03
+115.9600E-06,+321.6080368E-03,+205.0878108E-03
+116.4800E-06,+160.8040184E-03,+4.0827841E-03
+117.0000E-06,-20.1005023E-03,+4.0827841E-03
+117.5200E-06,-221.1055253E-03,+205.0878108E-03
+118.0400E-06,-361.8090414E-03,+4.0827841E-03
+118.5600E-06,-422.1105482E-03,+205.0878108E-03
+119.0800E-06,-462.3115528E-03,+205.0878108E-03
+119.6000E-06,-361.8090414E-03,+205.0878108E-03
+120.1200E-06,-201.0050230E-03,+4.0827841E-03
+120.6400E-06,-20.1005023E-03,+4.0827841E-03
+121.1600E-06,+201.0050230E-03,+205.0878108E-03
+121.6800E-06,+341.7085391E-03,+205.0878108E-03
+122.2000E-06,+422.1105482E-03,+4.0827841E-03
+122.7200E-06,+422.1105482E-03,+4.0827841E-03
+123.2400E-06,+321.6080368E-03,+205.0878108E-03
+123.7600E-06,+160.8040184E-03,+4.0827841E-03
+124.2800E-06,-20.1005023E-03,+4.0827841E-03
+124.8000E-06,-221.1055253E-03,+4.0827841E-03
+125.3200E-06,-381.9095436E-03,+4.0827841E-03
+125.8400E-06,-462.3115528E-03,+205.0878108E-03
+126.3600E-06,-422.1105482E-03,+205.0878108E-03
+126.8800E-06,-341.7085391E-03,+4.0827841E-03
+127.4000E-06,-140.7035161E-03,+205.0878108E-03
+127.9200E-06,+40.2010046E-03,+4.0827841E-03
+128.4400E-06,+221.1055253E-03,+4.0827841E-03
+128.9600E-06,+341.7085391E-03,+205.0878108E-03
+129.4800E-06,+422.1105482E-03,+205.0878108E-03
+130.0000E-06,+381.9095436E-03,+205.0878108E-03
+130.5200E-06,+261.3065299E-03,+205.0878108E-03
+131.0400E-06,+80.4020092E-03,+205.0878108E-03
+131.5600E-06,-120.6030138E-03,+4.0827841E-03
+132.0800E-06,-301.5075345E-03,+4.0827841E-03
+132.6000E-06,-422.1105482E-03,+205.0878108E-03
+133.1200E-06,-442.2110505E-03,+205.0878108E-03
+133.6400E-06,-402.0100459E-03,+205.0878108E-03
+134.1600E-06,-241.2060276E-03,+4.0827841E-03
+134.6800E-06,-80.4020092E-03,+4.0827841E-03
+135.2000E-06,+120.6030138E-03,+205.0878108E-03
+135.7200E-06,+321.6080368E-03,+4.0827841E-03
+136.2400E-06,+402.0100459E-03,+205.0878108E-03
+136.7600E-06,+402.0100459E-03,+205.0878108E-03
+137.2800E-06,+321.6080368E-03,+205.0878108E-03
+137.8000E-06,+140.7035161E-03,+205.0878108E-03
+138.3200E-06,-20.1005023E-03,+205.0878108E-03
+138.8400E-06,-241.2060276E-03,+4.0827841E-03
+139.3600E-06,-402.0100459E-03,+4.0827841E-03
+139.8800E-06,-442.2110505E-03,+4.0827841E-03
+140.4000E-06,-422.1105482E-03,+205.0878108E-03
+140.9200E-06,-321.6080368E-03,+4.0827841E-03
+141.4400E-06,-120.6030138E-03,+4.0827841E-03
+141.9600E-06,+100.5025115E-03,+205.0878108E-03
+142.4800E-06,+281.4070322E-03,+205.0878108E-03
+143.0000E-06,+381.9095436E-03,+4.0827841E-03
+143.5200E-06,+422.1105482E-03,+205.0878108E-03
+144.0400E-06,+341.7085391E-03,+4.0827841E-03
+144.5600E-06,+201.0050230E-03,+205.0878108E-03
+145.0800E-06,-20.1005023E-03,+4.0827841E-03
+145.6000E-06,-201.0050230E-03,+4.0827841E-03
+146.1200E-06,-381.9095436E-03,+4.0827841E-03
+146.6400E-06,-442.2110505E-03,+4.0827841E-03
+147.1600E-06,-422.1105482E-03,+4.0827841E-03
+147.6800E-06,-321.6080368E-03,+205.0878108E-03
+148.2000E-06,-120.6030138E-03,+205.0878108E-03
+148.7200E-06,+80.4020092E-03,+205.0878108E-03
+149.2400E-06,+261.3065299E-03,+205.0878108E-03
+149.7600E-06,+381.9095436E-03,+205.0878108E-03
+150.2800E-06,+402.0100459E-03,+4.0827841E-03
+150.8000E-06,+341.7085391E-03,+4.0827841E-03
+151.3200E-06,+180.9045207E-03,+205.0878108E-03
+151.8400E-06,-20.1005023E-03,+4.0827841E-03
+152.3600E-06,-221.1055253E-03,+205.0878108E-03
+152.8800E-06,-381.9095436E-03,+4.0827841E-03
+153.4000E-06,-442.2110505E-03,+205.0878108E-03
+153.9200E-06,-402.0100459E-03,+4.0827841E-03
+154.4400E-06,-281.4070322E-03,+4.0827841E-03
+154.9600E-06,-60.3015069E-03,+4.0827841E-03
+155.4800E-06,+120.6030138E-03,+4.0827841E-03
+156.0000E-06,+301.5075345E-03,-196.9222426E-03
+156.5200E-06,+402.0100459E-03,+205.0878108E-03
+157.0400E-06,+381.9095436E-03,+4.0827841E-03
+157.5600E-06,+301.5075345E-03,+4.0827841E-03
+158.0800E-06,+120.6030138E-03,+4.0827841E-03
+158.6000E-06,-100.5025115E-03,+205.0878107E-03
+159.1200E-06,-281.4070322E-03,+4.0827841E-03
+159.6400E-06,-422.1105482E-03,+4.0827841E-03
+160.1600E-06,-422.1105482E-03,+4.0827841E-03
+160.6800E-06,-341.7085391E-03,+205.0878108E-03
+161.2000E-06,-160.8040184E-03,+4.0827841E-03
+161.7200E-06,+20.1005023E-03,+4.0827841E-03
+162.2400E-06,+221.1055253E-03,+205.0878108E-03
+162.7600E-06,+361.8090414E-03,+205.0878108E-03
+163.2800E-06,+422.1105482E-03,+4.0827841E-03
+163.8000E-06,+361.8090414E-03,+205.0878108E-03
+164.3200E-06,+180.9045207E-03,+4.0827841E-03
+164.8400E-06,-20.1005023E-03,+4.0827841E-03
+165.3600E-06,-221.1055253E-03,+4.0827841E-03
+165.8800E-06,-361.8090414E-03,+4.0827841E-03
+166.4000E-06,-422.1105482E-03,+4.0827841E-03
+166.9200E-06,-402.0100459E-03,+4.0827841E-03
+167.4400E-06,-261.3065299E-03,+205.0878108E-03
+167.9600E-06,-60.3015069E-03,+205.0878108E-03
+168.4800E-06,+160.8040184E-03,+4.0827841E-03
+169.0000E-06,+321.6080368E-03,+205.0878108E-03
+169.5200E-06,+402.0100459E-03,+205.0878108E-03
+170.0400E-06,+381.9095436E-03,+205.0878108E-03
+170.5600E-06,+241.2060276E-03,+205.0878108E-03
+171.0800E-06,+40.2010046E-03,+4.0827841E-03
+171.6000E-06,-160.8040184E-03,+4.0827841E-03
+172.1200E-06,-321.6080368E-03,+205.0878108E-03
+172.6400E-06,-442.2110505E-03,+4.0827841E-03
+173.1600E-06,-422.1105482E-03,+4.0827841E-03
+173.6800E-06,-281.4070322E-03,+4.0827841E-03
+174.2000E-06,-60.3015069E-03,+205.0878108E-03
+174.7200E-06,+140.7035161E-03,+205.0878108E-03
+175.2400E-06,+301.5075345E-03,+4.0827841E-03
+175.7600E-06,+402.0100459E-03,+4.0827841E-03
+176.2800E-06,+361.8090414E-03,+4.0827841E-03
+176.8000E-06,+241.2060276E-03,+205.0878108E-03
+177.3200E-06,+60.3015069E-03,+4.0827841E-03
+177.8400E-06,-160.8040184E-03,+4.0827841E-03
+178.3600E-06,-361.8090414E-03,+205.0878108E-03
+178.8800E-06,-422.1105482E-03,+205.0878108E-03
+179.4000E-06,-422.1105482E-03,+4.0827841E-03
+179.9200E-06,-261.3065299E-03,+4.0827841E-03
+180.4400E-06,-40.2010046E-03,+205.0878107E-03
+180.9600E-06,+160.8040184E-03,+4.0827841E-03
+181.4800E-06,+321.6080368E-03,+4.0827841E-03
+182.0000E-06,+402.0100459E-03,+205.0878108E-03
+182.5200E-06,+361.8090414E-03,+4.0827841E-03
+183.0400E-06,+241.2060276E-03,+4.0827841E-03
+183.5600E-06,+20.1005023E-03,-196.9222426E-03
+184.0800E-06,-201.0050230E-03,+4.0827841E-03
+184.6000E-06,-381.9095436E-03,+4.0827841E-03
+185.1200E-06,-422.1105482E-03,+4.0827841E-03
+185.6400E-06,-361.8090414E-03,+4.0827841E-03
+186.1600E-06,-221.1055253E-03,+4.0827841E-03
+186.6800E-06,-20.1005023E-03,+205.0878107E-03
+187.2000E-06,+221.1055253E-03,+4.0827841E-03
+187.7200E-06,+361.8090414E-03,+4.0827841E-03
+188.2400E-06,+402.0100459E-03,+205.0878108E-03
+188.7600E-06,+341.7085391E-03,+205.0878107E-03
+189.2800E-06,+140.7035161E-03,+4.0827841E-03
+189.8000E-06,-80.4020092E-03,+205.0878107E-03
+190.3200E-06,-281.4070322E-03,+4.0827841E-03
+190.8400E-06,-422.1105482E-03,+205.0878108E-03
+191.3600E-06,-422.1105482E-03,+4.0827841E-03
+191.8800E-06,-321.6080368E-03,+4.0827841E-03
+192.4000E-06,-120.6030138E-03,+4.0827841E-03
+192.9200E-06,+100.5025115E-03,+205.0878108E-03
+193.4400E-06,+281.4070322E-03,+4.0827841E-03
+193.9600E-06,+381.9095436E-03,+4.0827841E-03
+194.4800E-06,+381.9095436E-03,+4.0827841E-03
+195.0000E-06,+241.2060276E-03,+4.0827841E-03
+195.5200E-06,+20.1005023E-03,+205.0878107E-03
+196.0400E-06,-180.9045207E-03,+4.0827841E-03
+196.5600E-06,-381.9095436E-03,+205.0878107E-03
+197.0800E-06,-402.0100459E-03,+205.0878107E-03
+197.6000E-06,-381.9095436E-03,+205.0878107E-03
+198.1200E-06,-201.0050230E-03,+4.0827841E-03
+198.6400E-06,+20.1005023E-03,+4.0827841E-03
+199.1600E-06,+241.2060276E-03,+205.0878107E-03
+199.6800E-06,+361.8090414E-03,+4.0827841E-03
+200.2000E-06,+402.0100459E-03,+4.0827841E-03
+200.7200E-06,+281.4070322E-03,+4.0827841E-03
+201.2400E-06,+100.5025115E-03,+4.0827841E-03
+201.7600E-06,-140.7035161E-03,+205.0878107E-03
+202.2800E-06,-341.7085391E-03,+205.0878108E-03
+202.8000E-06,-422.1105482E-03,+4.0827841E-03
+203.3200E-06,-381.9095436E-03,+205.0878108E-03
+203.8400E-06,-241.2060276E-03,+4.0827841E-03
+204.3600E-06,+0.0E+00,+4.0827841E-03
+204.8800E-06,+201.0050230E-03,+4.0827841E-03
+205.4000E-06,+361.8090414E-03,+4.0827841E-03
+205.9200E-06,+402.0100459E-03,+205.0878107E-03
+206.4400E-06,+281.4070322E-03,+205.0878108E-03
+206.9600E-06,+100.5025115E-03,+205.0878107E-03
+207.4800E-06,-140.7035161E-03,+4.0827841E-03
+208.0000E-06,-321.6080368E-03,+4.0827841E-03
+208.5200E-06,-422.1105482E-03,+4.0827841E-03
+209.0400E-06,-402.0100459E-03,+205.0878107E-03
+209.5600E-06,-241.2060276E-03,+205.0878107E-03
+210.0800E-06,-20.1005023E-03,+205.0878108E-03
+210.6000E-06,+221.1055253E-03,+4.0827841E-03
+211.1200E-06,+361.8090414E-03,+4.0827841E-03
+211.6400E-06,+381.9095436E-03,+4.0827841E-03
+212.1600E-06,+321.6080368E-03,+205.0878108E-03
+212.6800E-06,+100.5025115E-03,+4.0827841E-03
+213.2000E-06,-140.7035161E-03,+205.0878107E-03
+213.7200E-06,-341.7085391E-03,+4.0827841E-03
+214.2400E-06,-422.1105482E-03,+205.0878108E-03
+214.7600E-06,-361.8090414E-03,+4.0827841E-03
+215.2800E-06,-201.0050230E-03,+4.0827841E-03
+215.8000E-06,+20.1005023E-03,+4.0827841E-03
+216.3200E-06,+221.1055253E-03,+205.0878107E-03
+216.8400E-06,+361.8090414E-03,+4.0827841E-03
+217.3600E-06,+381.9095436E-03,+4.0827841E-03
+217.8800E-06,+241.2060276E-03,+4.0827841E-03
+218.4000E-06,+40.2010046E-03,+205.0878108E-03
+218.9200E-06,-221.1055253E-03,+205.0878107E-03
+219.4400E-06,-361.8090414E-03,+4.0827841E-03
+219.9600E-06,-442.2110505E-03,+4.0827841E-03
+220.4800E-06,-321.6080368E-03,+4.0827841E-03
+221.0000E-06,-140.7035161E-03,+4.0827841E-03
+221.5200E-06,+100.5025115E-03,+205.0878107E-03
+222.0400E-06,+281.4070322E-03,+205.0878108E-03
+222.5600E-06,+402.0100459E-03,+205.0878107E-03
+223.0800E-06,+341.7085391E-03,-196.9222426E-03
+223.6000E-06,+160.8040184E-03,+4.0827841E-03
+224.1200E-06,-80.4020092E-03,+205.0878107E-03
+224.6400E-06,-281.4070322E-03,+205.0878107E-03
+225.1600E-06,-422.1105482E-03,+4.0827841E-03
+225.6800E-06,-402.0100459E-03,+4.0827841E-03
+226.2000E-06,-221.1055253E-03,+4.0827841E-03
+226.7200E-06,-20.1005023E-03,+4.0827841E-03
+227.2400E-06,+221.1055253E-03,+205.0878108E-03
+227.7600E-06,+361.8090414E-03,+205.0878108E-03
+228.2800E-06,+381.9095436E-03,+4.0827841E-03
+228.8000E-06,+241.2060276E-03,+4.0827841E-03
+229.3200E-06,+20.1005023E-03,-196.9222426E-03
+229.8400E-06,-201.0050230E-03,+205.0878108E-03
+230.3600E-06,-361.8090414E-03,+205.0878107E-03
+230.8800E-06,-422.1105482E-03,+4.0827841E-03
+231.4000E-06,-281.4070322E-03,+4.0827841E-03
+231.9200E-06,-80.4020092E-03,+205.0878107E-03
+232.4400E-06,+160.8040184E-03,+4.0827841E-03
+232.9600E-06,+321.6080368E-03,+205.0878108E-03
+233.4800E-06,+361.8090414E-03,+4.0827841E-03
+234.0000E-06,+301.5075345E-03,+205.0878107E-03
+234.5200E-06,+80.4020092E-03,+205.0878107E-03
+235.0400E-06,-160.8040184E-03,+205.0878108E-03
+235.5600E-06,-361.8090414E-03,+205.0878108E-03
+236.0800E-06,-422.1105482E-03,+4.0827841E-03
+236.6000E-06,-361.8090414E-03,+205.0878108E-03
+237.1200E-06,-140.7035161E-03,+4.0827841E-03
+237.6400E-06,+120.6030138E-03,+4.0827841E-03
+238.1600E-06,+301.5075345E-03,+205.0878108E-03
+238.6800E-06,+381.9095436E-03,+4.0827841E-03
+239.2000E-06,+321.6080368E-03,+4.0827841E-03
+239.7200E-06,+140.7035161E-03,+205.0878108E-03
+240.2400E-06,-140.7035161E-03,+4.0827841E-03
+240.7600E-06,-341.7085391E-03,+4.0827841E-03
+241.2800E-06,-422.1105482E-03,+4.0827841E-03
+241.8000E-06,-361.8090414E-03,+4.0827841E-03
+242.3200E-06,-160.8040184E-03,+4.0827841E-03
+242.8400E-06,+80.4020092E-03,+205.0878108E-03
+243.3600E-06,+301.5075345E-03,+205.0878108E-03
+243.8800E-06,+381.9095436E-03,+4.0827841E-03
+244.4000E-06,+301.5075345E-03,+4.0827841E-03
+244.9200E-06,+120.6030138E-03,+205.0878107E-03
+245.4400E-06,-120.6030138E-03,+205.0878107E-03
+245.9600E-06,-341.7085391E-03,+4.0827841E-03
+246.4800E-06,-422.1105482E-03,+4.0827841E-03
+247.0000E-06,-361.8090413E-03,+4.0827841E-03
+247.5200E-06,-140.7035161E-03,+205.0878107E-03
+248.0400E-06,+100.5025115E-03,+4.0827841E-03
+248.5600E-06,+301.5075345E-03,+4.0827841E-03
+249.0800E-06,+402.0100459E-03,+4.0827840E-03
+249.6000E-06,+301.5075345E-03,+4.0827841E-03
+250.1200E-06,+100.5025115E-03,+4.0827841E-03
+250.6400E-06,-140.7035161E-03,+4.0827841E-03
+251.1600E-06,-341.7085391E-03,+4.0827841E-03
+251.6800E-06,-422.1105482E-03,+4.0827841E-03
+252.2000E-06,-321.6080368E-03,+205.0878108E-03
+252.7200E-06,-100.5025115E-03,+205.0878107E-03
+253.2400E-06,+140.7035161E-03,+205.0878108E-03
+253.7600E-06,+341.7085391E-03,+4.0827841E-03
+254.2800E-06,+381.9095436E-03,+205.0878107E-03
+254.8000E-06,+261.3065299E-03,+4.0827841E-03
+255.3200E-06,+20.1005023E-03,+205.0878107E-03
+255.8400E-06,-221.1055253E-03,+4.0827841E-03
+256.3600E-06,-402.0100459E-03,+4.0827841E-03
+256.8800E-06,-381.9095436E-03,+4.0827841E-03
+257.4000E-06,-261.3065299E-03,+4.0827841E-03
+257.9200E-06,+0.0E+00,+4.0827841E-03
+258.4400E-06,+221.1055253E-03,+205.0878107E-03
+258.9600E-06,+361.8090414E-03,+205.0878108E-03
+259.4800E-06,+321.6080368E-03,+205.0878108E-03
+260.0000E-06,+180.9045207E-03,-196.9222426E-03
+260.5200E-06,-80.4020092E-03,+4.0827841E-03
+261.0400E-06,-321.6080368E-03,+4.0827841E-03
+261.5600E-06,-402.0100459E-03,+4.0827841E-03
+262.0800E-06,-361.8090414E-03,+4.0827841E-03
+262.6000E-06,-160.8040184E-03,+205.0878107E-03
+263.1200E-06,+100.5025115E-03,+205.0878107E-03
+263.6400E-06,+301.5075345E-03,+205.0878108E-03
+264.1600E-06,+381.9095436E-03,+4.0827841E-03
+264.6800E-06,+241.2060276E-03,+205.0878107E-03
+265.2000E-06,+20.1005023E-03,+4.0827841E-03
+265.7200E-06,-241.2060276E-03,+205.0878108E-03
+266.2400E-06,-381.9095436E-03,+4.0827841E-03
+266.7600E-06,-402.0100459E-03,+4.0827841E-03
+267.2800E-06,-221.1055253E-03,+4.0827841E-03
+267.8000E-06,+20.1005023E-03,+4.0827841E-03
+268.3200E-06,+241.2060276E-03,+4.0827841E-03
+268.8400E-06,+361.8090414E-03,+4.0827841E-03
+269.3600E-06,+301.5075345E-03,+4.0827841E-03
+269.8800E-06,+120.6030138E-03,+205.0878107E-03
+270.4000E-06,-100.5025115E-03,+4.0827841E-03
+270.9200E-06,-321.6080368E-03,+4.0827841E-03
+271.4400E-06,-402.0100459E-03,+4.0827841E-03
+271.9600E-06,-281.4070322E-03,+4.0827841E-03
+272.4800E-06,-60.3015069E-03,+4.0827841E-03
+273.0000E-06,+201.0050230E-03,-196.9222426E-03
+273.5200E-06,+361.8090414E-03,+205.0878108E-03
+274.0400E-06,+341.7085391E-03,+205.0878107E-03
+274.5600E-06,+180.9045207E-03,+4.0827841E-03
+275.0800E-06,-100.5025115E-03,+4.0827841E-03
+275.6000E-06,-321.6080368E-03,+4.0827841E-03
+276.1200E-06,-402.0100459E-03,+4.0827841E-03
+276.6400E-06,-321.6080368E-03,+4.0827841E-03
+277.1600E-06,-100.5025115E-03,+4.0827841E-03
+277.6800E-06,+180.9045207E-03,+205.0878107E-03
+278.2000E-06,+321.6080368E-03,+4.0827841E-03
+278.7200E-06,+361.8090414E-03,+205.0878107E-03
+279.2400E-06,+180.9045207E-03,+4.0827841E-03
+279.7600E-06,-60.3015069E-03,+4.0827841E-03
+280.2800E-06,-301.5075345E-03,+205.0878107E-03
+280.8000E-06,-402.0100459E-03,+4.0827841E-03
+281.3200E-06,-321.6080368E-03,+205.0878108E-03
+281.8400E-06,-100.5025115E-03,+4.0827841E-03
+282.3600E-06,+160.8040184E-03,+4.0827841E-03
+282.8800E-06,+341.7085391E-03,+4.0827841E-03
+283.4000E-06,+361.8090414E-03,+4.0827841E-03
+283.9200E-06,+180.9045207E-03,+205.0878107E-03
+284.4400E-06,-60.3015069E-03,+4.0827841E-03
+284.9600E-06,-321.6080368E-03,+205.0878108E-03
+285.4800E-06,-402.0100459E-03,+4.0827841E-03
+286.0000E-06,-321.6080368E-03,+205.0878108E-03
+286.5200E-06,-60.3015069E-03,+4.0827841E-03
+287.0400E-06,+160.8040184E-03,+4.0827841E-03
+287.5600E-06,+361.8090414E-03,+4.0827841E-03
+288.0800E-06,+321.6080368E-03,+205.0878107E-03
+288.6000E-06,+140.7035161E-03,+205.0878108E-03
+289.1200E-06,-100.5025115E-03,+205.0878108E-03
+289.6400E-06,-341.7085391E-03,+205.0878107E-03
+290.1600E-06,-402.0100459E-03,+4.0827841E-03
+290.6800E-06,-281.4070322E-03,+4.0827841E-03
+291.2000E-06,-20.1005023E-03,+4.0827841E-03
+291.7200E-06,+221.1055253E-03,+205.0878108E-03
+292.2400E-06,+341.7085391E-03,+205.0878108E-03
+292.7600E-06,+321.6080368E-03,+4.0827841E-03
+293.2800E-06,+100.5025115E-03,+4.0827840E-03
+293.8000E-06,-160.8040184E-03,+4.0827841E-03
+294.3200E-06,-341.7085391E-03,+4.0827841E-03
+294.8400E-06,-381.9095436E-03,+4.0827841E-03
+295.3600E-06,-201.0050230E-03,+4.0827841E-03
+295.8800E-06,+40.2010046E-03,+4.0827841E-03
+296.4000E-06,+281.4070322E-03,+205.0878107E-03
+296.9200E-06,+361.8090414E-03,+4.0827841E-03
+297.4400E-06,+241.2060276E-03,+4.0827841E-03
+297.9600E-06,+20.1005023E-03,+4.0827841E-03
+298.4800E-06,-281.4070322E-03,+4.0827841E-03
+299.0000E-06,-381.9095436E-03,+4.0827841E-03
+299.5200E-06,-321.6080368E-03,+4.0827841E-03
+300.0400E-06,-120.6030138E-03,+4.0827841E-03
+300.5600E-06,+140.7035161E-03,+205.0878107E-03
+301.0800E-06,+341.7085391E-03,+205.0878107E-03
+301.6000E-06,+321.6080368E-03,+205.0878107E-03
+302.1200E-06,+140.7035161E-03,+205.0878107E-03
+302.6400E-06,-120.6030138E-03,+4.0827841E-03
+303.1600E-06,-341.7085391E-03,+205.0878107E-03
+303.6800E-06,-381.9095436E-03,+4.0827841E-03
+304.2000E-06,-241.2060276E-03,+4.0827841E-03
+304.7200E-06,+40.2010046E-03,+4.0827841E-03
+305.2400E-06,+281.4070322E-03,+4.0827841E-03
+305.7600E-06,+361.8090414E-03,+205.0878107E-03
+306.2800E-06,+261.3065299E-03,+205.0878108E-03
+306.8000E-06,+0.0E+00,+4.0827841E-03
+307.3200E-06,-241.2060276E-03,+4.0827840E-03
+307.8400E-06,-402.0100459E-03,+4.0827841E-03
+308.3600E-06,-321.6080368E-03,+205.0878107E-03
+308.8800E-06,-80.4020092E-03,+205.0878107E-03
+309.4000E-06,+180.9045207E-03,+4.0827841E-03
+309.9200E-06,+361.8090414E-03,+205.0878108E-03
+310.4400E-06,+301.5075345E-03,+205.0878107E-03
+310.9600E-06,+100.5025115E-03,+4.0827841E-03
+311.4800E-06,-180.9045207E-03,+205.0878107E-03
+312.0000E-06,-341.7085391E-03,+4.0827841E-03
+312.5200E-06,-381.9095436E-03,+205.0878108E-03
+313.0400E-06,-160.8040184E-03,+4.0827841E-03
+313.5600E-06,+100.5025115E-03,+4.0827841E-03
+314.0800E-06,+301.5075345E-03,+4.0827841E-03
+314.6000E-06,+321.6080368E-03,+4.0827841E-03
+315.1200E-06,+160.8040184E-03,+4.0827841E-03
+315.6400E-06,-100.5025115E-03,+205.0878108E-03
+316.1600E-06,-341.7085391E-03,+205.0878107E-03
+316.6800E-06,-361.8090414E-03,+4.0827841E-03
+317.2000E-06,-201.0050230E-03,+205.0878108E-03
+317.7200E-06,+60.3015069E-03,+4.0827841E-03
+318.2400E-06,+261.3065299E-03,+4.0827841E-03
+318.7600E-06,+341.7085391E-03,+4.0827841E-03
+319.2800E-06,+201.0050230E-03,+205.0878107E-03
+319.8000E-06,-80.4020092E-03,+205.0878108E-03
+320.3200E-06,-301.5075345E-03,+4.0827841E-03
+320.8400E-06,-381.9095436E-03,+205.0878107E-03
+321.3600E-06,-261.3065299E-03,+205.0878107E-03
+321.8800E-06,+40.2010046E-03,+4.0827841E-03
+322.4000E-06,+261.3065299E-03,+205.0878107E-03
+322.9200E-06,+361.8090413E-03,+205.0878108E-03
+323.4400E-06,+201.0050230E-03,+4.0827841E-03
+323.9600E-06,-40.2010046E-03,+4.0827841E-03
+324.4800E-06,-281.4070322E-03,+4.0827841E-03
+325.0000E-06,-381.9095436E-03,+205.0878107E-03
+325.5200E-06,-241.2060276E-03,+205.0878108E-03
+326.0400E-06,+40.2010046E-03,+4.0827841E-03
+326.5600E-06,+241.2060276E-03,+4.0827841E-03
+327.0800E-06,+341.7085391E-03,+4.0827841E-03
+327.6000E-06,+201.0050230E-03,+205.0878107E-03
+328.1200E-06,-60.3015069E-03,+4.0827841E-03
+328.6400E-06,-301.5075345E-03,-196.9222426E-03
+329.1600E-06,-381.9095436E-03,+205.0878107E-03
+329.6800E-06,-221.1055253E-03,+4.0827841E-03
+330.2000E-06,+60.3015069E-03,+205.0878107E-03
+330.7200E-06,+261.3065299E-03,+4.0827841E-03
+331.2400E-06,+341.7085391E-03,+4.0827841E-03
+331.7600E-06,+180.9045207E-03,+4.0827841E-03
+332.2800E-06,-100.5025115E-03,+205.0878108E-03
+332.8000E-06,-361.8090413E-03,+4.0827841E-03
+333.3200E-06,-381.9095436E-03,+4.0827841E-03
+333.8400E-06,-201.0050230E-03,+4.0827841E-03
+334.3600E-06,+100.5025115E-03,+4.0827841E-03
+334.8800E-06,+321.6080368E-03,+4.0827841E-03
+335.4000E-06,+321.6080368E-03,+4.0827841E-03
+335.9200E-06,+140.7035161E-03,+4.0827841E-03
+336.4400E-06,-140.7035161E-03,+205.0878107E-03
+336.9600E-06,-361.8090414E-03,+4.0827841E-03
+337.4800E-06,-361.8090414E-03,+4.0827841E-03
+338.0000E-06,-120.6030138E-03,+205.0878108E-03
+338.5200E-06,+180.9045207E-03,+205.0878107E-03
+339.0400E-06,+321.6080368E-03,+205.0878107E-03
+339.5600E-06,+281.4070322E-03,+4.0827841E-03
+340.0800E-06,+40.2010046E-03,+4.0827841E-03
+340.6000E-06,-241.2060276E-03,+4.0827841E-03
+341.1200E-06,-361.8090414E-03,+4.0827841E-03
+341.6400E-06,-281.4070322E-03,+4.0827841E-03
+342.1600E-06,-20.1005023E-03,+4.0827841E-03
+342.6800E-06,+261.3065299E-03,+4.0827841E-03
+343.2000E-06,+341.7085391E-03,+4.0827841E-03
+343.7200E-06,+201.0050230E-03,+4.0827841E-03
+344.2400E-06,-60.3015069E-03,+4.0827841E-03
+344.7600E-06,-321.6080368E-03,+4.0827841E-03
+345.2800E-06,-381.9095436E-03,+205.0878108E-03
+345.8000E-06,-180.9045207E-03,+205.0878107E-03
+346.3200E-06,+100.5025115E-03,+205.0878107E-03
+346.8400E-06,+321.6080368E-03,+4.0827841E-03
+347.3600E-06,+301.5075345E-03,+205.0878108E-03
+347.8800E-06,+100.5025115E-03,+205.0878107E-03
+348.4000E-06,-180.9045207E-03,+205.0878108E-03
+348.9200E-06,-361.8090414E-03,+205.0878108E-03
+349.4400E-06,-281.4070322E-03,+4.0827840E-03
+349.9600E-06,-40.2010046E-03,+205.0878108E-03
+350.4800E-06,+221.1055253E-03,+4.0827841E-03
+351.0000E-06,+341.7085391E-03,+4.0827841E-03
+351.5200E-06,+241.2060276E-03,+4.0827841E-03
+352.0400E-06,-60.3015069E-03,+205.0878107E-03
+352.5600E-06,-301.5075345E-03,+205.0878108E-03
+353.0800E-06,-361.8090414E-03,+4.0827841E-03
+353.6000E-06,-180.9045207E-03,+4.0827841E-03
+354.1200E-06,+100.5025115E-03,+205.0878107E-03
+354.6400E-06,+321.6080368E-03,+205.0878107E-03
+355.1600E-06,+281.4070322E-03,+205.0878107E-03
+355.6800E-06,+40.2010046E-03,+205.0878107E-03
+356.2000E-06,-221.1055253E-03,+4.0827841E-03
+356.7200E-06,-381.9095436E-03,+4.0827841E-03
+357.2400E-06,-261.3065299E-03,+4.0827841E-03
+357.7600E-06,+0.0E+00,+205.0878107E-03
+358.2800E-06,+261.3065299E-03,+4.0827841E-03
+358.8000E-06,+321.6080368E-03,+205.0878108E-03
+359.3200E-06,+140.7035161E-03,+4.0827841E-03
+359.8400E-06,-140.7035161E-03,+205.0878107E-03
+360.3600E-06,-341.7085391E-03,+205.0878107E-03
+360.8800E-06,-321.6080368E-03,+4.0827841E-03
+361.4000E-06,-60.3015069E-03,+4.0827841E-03
+361.9200E-06,+241.2060276E-03,+205.0878107E-03
+362.4400E-06,+301.5075345E-03,+4.0827840E-03
+362.9600E-06,+221.1055253E-03,+205.0878108E-03
+363.4800E-06,-100.5025115E-03,+4.0827841E-03
+364.0000E-06,-321.6080368E-03,+4.0827841E-03
+364.5200E-06,-341.7085391E-03,-196.9222426E-03
+365.0400E-06,-120.6030138E-03,+205.0878108E-03
+365.5600E-06,+160.8040184E-03,+4.0827841E-03
+366.0800E-06,+321.6080368E-03,+205.0878107E-03
+366.6000E-06,+221.1055253E-03,+205.0878108E-03
+367.1200E-06,-20.1005023E-03,+4.0827841E-03
+367.6400E-06,-301.5075345E-03,+205.0878108E-03
+368.1600E-06,-341.7085391E-03,+4.0827841E-03
+368.6800E-06,-160.8040184E-03,+4.0827841E-03
+369.2000E-06,+120.6030138E-03,+4.0827841E-03
+369.7200E-06,+321.6080368E-03,+205.0878107E-03
+370.2400E-06,+281.4070322E-03,+4.0827841E-03
+370.7600E-06,-20.1005023E-03,+205.0878108E-03
+371.2800E-06,-281.4070322E-03,+4.0827841E-03
+371.8000E-06,-361.8090413E-03,+205.0878107E-03
+372.3200E-06,-180.9045207E-03,+205.0878107E-03
+372.8400E-06,+100.5025115E-03,+205.0878108E-03
+373.3600E-06,+321.6080368E-03,+4.0827841E-03
+373.8800E-06,+261.3065299E-03,+4.0827841E-03
+374.4000E-06,+20.1005023E-03,+4.0827841E-03
+374.9200E-06,-281.4070322E-03,+4.0827841E-03
+375.4400E-06,-341.7085391E-03,+4.0827841E-03
+375.9600E-06,-180.9045207E-03,+205.0878107E-03
+376.4800E-06,+100.5025115E-03,+205.0878107E-03
+377.0000E-06,+321.6080368E-03,+4.0827841E-03
+377.5200E-06,+261.3065299E-03,+4.0827841E-03
+378.0400E-06,-20.1005023E-03,+205.0878107E-03
+378.5600E-06,-261.3065299E-03,+4.0827841E-03
+379.0800E-06,-341.7085391E-03,+4.0827841E-03
+379.6000E-06,-140.7035161E-03,+205.0878108E-03
+380.1200E-06,+140.7035161E-03,+4.0827841E-03
+380.6400E-06,+321.6080368E-03,+205.0878107E-03
+381.1600E-06,+241.2060276E-03,+205.0878107E-03
+381.6800E-06,-40.2010046E-03,+205.0878108E-03
+382.2000E-06,-301.5075345E-03,+4.0827841E-03
+382.7200E-06,-341.7085391E-03,+4.0827841E-03
+383.2400E-06,-120.6030138E-03,+4.0827841E-03
+383.7600E-06,+180.9045207E-03,-196.9222426E-03
+384.2800E-06,+321.6080368E-03,+4.0827841E-03
+384.8000E-06,+180.9045207E-03,+4.0827841E-03
+385.3200E-06,-100.5025115E-03,+4.0827841E-03
+385.8400E-06,-341.7085391E-03,+4.0827841E-03
+386.3600E-06,-301.5075345E-03,+4.0827841E-03
+386.8800E-06,-60.3015069E-03,+205.0878107E-03
+387.4000E-06,+241.2060276E-03,+205.0878107E-03
+387.9200E-06,+321.6080368E-03,+4.0827841E-03
+388.4400E-06,+120.6030138E-03,+205.0878107E-03
+388.9600E-06,-160.8040184E-03,+205.0878107E-03
+389.4800E-06,-341.7085391E-03,+205.0878107E-03
+390.0000E-06,-241.2060276E-03,+4.0827841E-03
+390.5200E-06,+40.2010046E-03,+205.0878107E-03
+391.0400E-06,+301.5075345E-03,+205.0878107E-03
+391.5600E-06,+261.3065299E-03,+4.0827841E-03
+392.0800E-06,+40.2010046E-03,+205.0878107E-03
+392.6000E-06,-241.2060276E-03,+205.0878108E-03
+393.1200E-06,-341.7085391E-03,+205.0878107E-03
+393.6400E-06,-160.8040184E-03,+4.0827841E-03
+394.1600E-06,+140.7035161E-03,+4.0827841E-03
+394.6800E-06,+321.6080368E-03,+205.0878108E-03
+395.2000E-06,+221.1055253E-03,+4.0827841E-03
+395.7200E-06,-80.4020092E-03,+4.0827841E-03
+396.2400E-06,-301.5075345E-03,+4.0827841E-03
+396.7600E-06,-301.5075345E-03,+4.0827841E-03
+397.2800E-06,-60.3015069E-03,+4.0827841E-03
+397.8000E-06,+241.2060276E-03,+4.0827841E-03
+398.3200E-06,+301.5075345E-03,+4.0827841E-03
+398.8400E-06,+100.5025115E-03,+4.0827841E-03
+399.3600E-06,-221.1055253E-03,+4.0827841E-03
+399.8800E-06,-341.7085391E-03,+4.0827841E-03
+400.4000E-06,-180.9045207E-03,+4.0827841E-03
+400.9200E-06,+100.5025115E-03,+4.0827841E-03
+401.4400E-06,+301.5075345E-03,-196.9222426E-03
+401.9600E-06,+221.1055253E-03,+4.0827841E-03
+402.4800E-06,-60.3015069E-03,+205.0878107E-03
+403.0000E-06,-321.6080368E-03,+4.0827841E-03
+403.5200E-06,-321.6080368E-03,+4.0827841E-03
+404.0400E-06,-40.2010046E-03,+4.0827841E-03
+404.5600E-06,+241.2060276E-03,+4.0827841E-03
+405.0800E-06,+301.5075345E-03,+4.0827841E-03
+405.6000E-06,+100.5025115E-03,+4.0827841E-03
+406.1200E-06,-221.1055253E-03,+4.0827841E-03
+406.6400E-06,-341.7085391E-03,+4.0827840E-03
+407.1600E-06,-180.9045207E-03,+4.0827841E-03
+407.6800E-06,+120.6030138E-03,+205.0878107E-03
+408.2000E-06,+301.5075345E-03,+205.0878108E-03
+408.7200E-06,+180.9045207E-03,+4.0827841E-03
+409.2400E-06,-100.5025115E-03,+4.0827841E-03
+409.7600E-06,-341.7085391E-03,+205.0878108E-03
+410.2800E-06,-261.3065299E-03,+205.0878107E-03
+410.8000E-06,+40.2010046E-03,+4.0827841E-03
+411.3200E-06,+301.5075345E-03,+4.0827841E-03
+411.8400E-06,+281.4070322E-03,+205.0878107E-03
+412.3600E-06,-0.0E+00,+205.0878108E-03
+412.8800E-06,-281.4070322E-03,+205.0878107E-03
+413.4000E-06,-321.6080368E-03,+205.0878108E-03
+413.9200E-06,-60.3015069E-03,+205.0878108E-03
+414.4400E-06,+241.2060276E-03,+205.0878108E-03
+414.9600E-06,+301.5075345E-03,+205.0878108E-03
+415.4800E-06,+80.4020092E-03,+4.0827841E-03
+416.0000E-06,-221.1055253E-03,+4.0827841E-03
+416.5200E-06,-341.7085391E-03,+4.0827841E-03
+417.0400E-06,-160.8040184E-03,+205.0878107E-03
+417.5600E-06,+160.8040184E-03,+4.0827841E-03
+418.0800E-06,+301.5075345E-03,+205.0878108E-03
+418.6000E-06,+140.7035161E-03,+4.0827841E-03
+419.1200E-06,-160.8040184E-03,+205.0878108E-03
+419.6400E-06,-341.7085391E-03,+205.0878107E-03
+420.1600E-06,-201.0050230E-03,+4.0827841E-03
+420.6800E-06,+100.5025115E-03,+205.0878107E-03
+421.2000E-06,+301.5075345E-03,+205.0878108E-03
+421.7200E-06,+201.0050230E-03,+4.0827841E-03
+422.2400E-06,-120.6030138E-03,+205.0878108E-03
+422.7600E-06,-301.5075345E-03,+205.0878107E-03
+423.2800E-06,-241.2060276E-03,+205.0878107E-03
+423.8000E-06,+40.2010046E-03,+4.0827841E-03
+424.3200E-06,+301.5075345E-03,+4.0827841E-03
+424.8400E-06,+241.2060276E-03,+4.0827841E-03
+425.3600E-06,-80.4020092E-03,+4.0827841E-03
+425.8800E-06,-321.6080368E-03,+4.0827841E-03
+426.4000E-06,-281.4070322E-03,+205.0878108E-03
+426.9200E-06,+40.2010046E-03,+4.0827841E-03
+427.4400E-06,+281.4070322E-03,+205.0878108E-03
+427.9600E-06,+221.1055253E-03,+205.0878108E-03
+428.4800E-06,-60.3015069E-03,+205.0878108E-03
+429.0000E-06,-321.6080368E-03,+4.0827841E-03
+429.5200E-06,-261.3065299E-03,+4.0827841E-03
+430.0400E-06,+20.1005023E-03,+205.0878107E-03
+430.5600E-06,+281.4070322E-03,+205.0878107E-03
+431.0800E-06,+241.2060276E-03,+4.0827841E-03
+431.6000E-06,-40.2010046E-03,+4.0827841E-03
+432.1200E-06,-301.5075345E-03,+4.0827841E-03
+432.6400E-06,-261.3065299E-03,+205.0878107E-03
+433.1600E-06,+40.2010046E-03,+4.0827841E-03
+433.6800E-06,+281.4070322E-03,+4.0827841E-03
+434.2000E-06,+241.2060276E-03,+205.0878107E-03
+434.7200E-06,-60.3015069E-03,+4.0827841E-03
+435.2400E-06,-321.6080368E-03,+4.0827841E-03
+435.7600E-06,-261.3065299E-03,+205.0878108E-03
+436.2800E-06,+40.2010046E-03,+205.0878108E-03
+436.8000E-06,+301.5075345E-03,+4.0827841E-03
+437.3200E-06,+201.0050230E-03,+4.0827841E-03
+437.8400E-06,-80.4020092E-03,+4.0827841E-03
+438.3600E-06,-321.6080368E-03,+4.0827841E-03
+438.8800E-06,-241.2060276E-03,+205.0878107E-03
+439.4000E-06,+100.5025115E-03,+205.0878107E-03
+439.9200E-06,+281.4070322E-03,+4.0827841E-03
+440.4400E-06,+180.9045207E-03,+205.0878107E-03
+440.9600E-06,-140.7035161E-03,+4.0827841E-03
+441.4800E-06,-321.6080368E-03,+4.0827841E-03
+442.0000E-06,-180.9045207E-03,+205.0878107E-03
+442.5200E-06,+120.6030138E-03,+205.0878107E-03
+443.0400E-06,+321.6080368E-03,+4.0827841E-03
+443.5600E-06,+120.6030138E-03,+205.0878107E-03
+444.0800E-06,-221.1055253E-03,+4.0827841E-03
+444.6000E-06,-341.7085391E-03,+205.0878107E-03
+445.1200E-06,-120.6030138E-03,+205.0878108E-03
+445.6400E-06,+201.0050230E-03,+4.0827841E-03
+446.1600E-06,+281.4070322E-03,+205.0878107E-03
+446.6800E-06,+20.1005023E-03,+4.0827841E-03
+447.2000E-06,-241.2060276E-03,+4.0827841E-03
+447.7200E-06,-301.5075345E-03,+205.0878107E-03
+448.2400E-06,-40.2010046E-03,+4.0827841E-03
+448.7600E-06,+241.2060276E-03,+205.0878107E-03
+449.2800E-06,+241.2060276E-03,+4.0827841E-03
+449.8000E-06,-60.3015069E-03,+4.0827841E-03
+450.3200E-06,-301.5075345E-03,+4.0827841E-03
+450.8400E-06,-221.1055253E-03,+4.0827841E-03
+451.3600E-06,+80.4020092E-03,+205.0878107E-03
+451.8800E-06,+281.4070322E-03,+4.0827841E-03
+452.4000E-06,+160.8040184E-03,+4.0827841E-03
+452.9200E-06,-180.9045207E-03,+4.0827841E-03
+453.4400E-06,-321.6080368E-03,+4.0827840E-03
+453.9600E-06,-140.7035161E-03,+4.0827841E-03
+454.4800E-06,+180.9045207E-03,+205.0878107E-03
+455.0000E-06,+301.5075345E-03,+205.0878107E-03
+455.5200E-06,+80.4020092E-03,+4.0827841E-03
+456.0400E-06,-241.2060276E-03,+4.0827841E-03
+456.5600E-06,-281.4070322E-03,+205.0878108E-03
+457.0800E-06,-40.2010046E-03,+4.0827841E-03
+457.6000E-06,+261.3065299E-03,+4.0827841E-03
+458.1200E-06,+221.1055253E-03,+205.0878107E-03
+458.6400E-06,-100.5025115E-03,+205.0878107E-03
+459.1600E-06,-321.6080368E-03,+4.0827841E-03
+459.6800E-06,-180.9045207E-03,+4.0827841E-03
+460.2000E-06,+120.6030138E-03,+4.0827841E-03
+460.7200E-06,+261.3065299E-03,+205.0878107E-03
+461.2400E-06,+100.5025115E-03,+205.0878107E-03
+461.7600E-06,-201.0050230E-03,+4.0827841E-03
+462.2800E-06,-281.4070322E-03,+4.0827841E-03
+462.8000E-06,-40.2010046E-03,+205.0878107E-03
+463.3200E-06,+241.2060276E-03,+4.0827841E-03
+463.8400E-06,+221.1055253E-03,+4.0827841E-03
+464.3600E-06,-80.4020092E-03,+205.0878107E-03
+464.8800E-06,-301.5075345E-03,+205.0878107E-03
+465.4000E-06,-180.9045207E-03,+4.0827841E-03
+465.9200E-06,+120.6030138E-03,+4.0827841E-03
+466.4400E-06,+261.3065299E-03,+205.0878108E-03
+466.9600E-06,+80.4020092E-03,+4.0827841E-03
+467.4800E-06,-241.2060276E-03,+4.0827841E-03
+468.0000E-06,-281.4070322E-03,+205.0878107E-03
+468.5200E-06,-40.2010046E-03,+4.0827841E-03
+469.0400E-06,+241.2060276E-03,+205.0878108E-03
+469.5600E-06,+201.0050230E-03,+4.0827841E-03
+470.0800E-06,-120.6030138E-03,+4.0827841E-03
+470.6000E-06,-321.6080368E-03,+4.0827841E-03
+471.1200E-06,-160.8040184E-03,+4.0827841E-03
+471.6400E-06,+180.9045207E-03,+4.0827841E-03
+472.1600E-06,+261.3065299E-03,-196.9222426E-03
+472.6800E-06,-0.0E+00,+205.0878108E-03
+473.2000E-06,-281.4070322E-03,+4.0827841E-03
+473.7200E-06,-241.2060276E-03,+205.0878107E-03
+474.2400E-06,+100.5025115E-03,+4.0827841E-03
+474.7600E-06,+261.3065299E-03,-196.9222426E-03
+475.2800E-06,+100.5025115E-03,+4.0827841E-03
+475.8000E-06,-221.1055253E-03,+4.0827841E-03
+476.3200E-06,-301.5075345E-03,+205.0878107E-03
+476.8400E-06,-40.2010046E-03,+4.0827841E-03
+477.3600E-06,+221.1055253E-03,+4.0827841E-03
+477.8800E-06,+201.0050230E-03,+4.0827841E-03
+478.4000E-06,-120.6030138E-03,+4.0827840E-03
+478.9200E-06,-301.5075345E-03,+4.0827841E-03
+479.4400E-06,-120.6030138E-03,+4.0827841E-03
+479.9600E-06,+180.9045207E-03,+205.0878108E-03
+480.4800E-06,+241.2060276E-03,+4.0827841E-03
+481.0000E-06,-40.2010046E-03,+205.0878107E-03
+481.5200E-06,-281.4070322E-03,+4.0827841E-03
+482.0400E-06,-180.9045207E-03,+4.0827841E-03
+482.5600E-06,+140.7035161E-03,+205.0878107E-03
+483.0800E-06,+261.3065299E-03,+205.0878108E-03
+483.6000E-06,+40.2010046E-03,+4.0827841E-03
+484.1200E-06,-261.3065299E-03,+205.0878108E-03
+484.6400E-06,-261.3065299E-03,+205.0878107E-03
+485.1600E-06,+60.3015069E-03,+205.0878107E-03
+485.6800E-06,+261.3065299E-03,+205.0878108E-03
+486.2000E-06,+100.5025115E-03,+205.0878108E-03
+486.7200E-06,-241.2060276E-03,+4.0827841E-03
+487.2400E-06,-281.4070322E-03,+205.0878108E-03
+487.7600E-06,+20.1005023E-03,+205.0878108E-03
+488.2800E-06,+261.3065299E-03,+205.0878107E-03
+488.8000E-06,+140.7035161E-03,+4.0827841E-03
+489.3200E-06,-180.9045207E-03,+4.0827841E-03
+489.8400E-06,-301.5075345E-03,+4.0827841E-03
+490.3600E-06,-40.2010046E-03,+205.0878108E-03
+490.8800E-06,+261.3065299E-03,+4.0827841E-03
+491.4000E-06,+180.9045207E-03,+205.0878108E-03
+491.9200E-06,-160.8040184E-03,+205.0878108E-03
+492.4400E-06,-301.5075345E-03,+205.0878108E-03
+492.9600E-06,-60.3015069E-03,+205.0878108E-03
+493.4800E-06,+241.2060276E-03,-196.9222426E-03
+494.0000E-06,+160.8040184E-03,+4.0827841E-03
+494.5200E-06,-140.7035161E-03,+4.0827841E-03
+495.0400E-06,-301.5075345E-03,+205.0878107E-03
+495.5600E-06,-60.3015069E-03,+205.0878107E-03
+496.0800E-06,+241.2060276E-03,+205.0878107E-03
+496.6000E-06,+180.9045207E-03,+205.0878107E-03
+497.1200E-06,-120.6030138E-03,+4.0827841E-03
+497.6400E-06,-301.5075345E-03,+205.0878107E-03
+498.1600E-06,-80.4020092E-03,+205.0878107E-03
+498.6800E-06,+221.1055253E-03,+205.0878108E-03
+499.2000E-06,+180.9045207E-03,+4.0827841E-03
+499.7200E-06,-140.7035161E-03,+205.0878108E-03
+500.2400E-06,-301.5075345E-03,+205.0878108E-03
+500.7600E-06,-60.3015069E-03,+4.0827841E-03
+501.2800E-06,+221.1055253E-03,+205.0878108E-03
+501.8000E-06,+180.9045207E-03,+205.0878108E-03
+502.3200E-06,-160.8040184E-03,+205.0878108E-03
+502.8400E-06,-301.5075345E-03,+4.0827841E-03
+503.3600E-06,-40.2010046E-03,+205.0878108E-03
+503.8800E-06,+241.2060276E-03,+4.0827841E-03
+504.4000E-06,+140.7035161E-03,+4.0827841E-03
+504.9200E-06,-160.8040184E-03,+205.0878108E-03
+505.4400E-06,-281.4070322E-03,+4.0827841E-03
+505.9600E-06,-40.2010046E-03,+4.0827841E-03
+506.4800E-06,+261.3065299E-03,+4.0827841E-03
+507.0000E-06,+120.6030138E-03,+4.0827841E-03
+507.5200E-06,-201.0050230E-03,+4.0827841E-03
+508.0400E-06,-261.3065299E-03,+205.0878108E-03
+508.5600E-06,+20.1005023E-03,+205.0878107E-03
+509.0800E-06,+261.3065299E-03,+4.0827841E-03
+509.6000E-06,+80.4020092E-03,+205.0878108E-03
+510.1200E-06,-241.2060276E-03,+205.0878107E-03
+510.6400E-06,-261.3065299E-03,+4.0827841E-03
+511.1600E-06,+60.3015069E-03,+4.0827841E-03
+511.6800E-06,+261.3065299E-03,+205.0878107E-03
+512.2000E-06,+20.1005023E-03,+4.0827841E-03
+512.7200E-06,-281.4070322E-03,+4.0827841E-03
+513.2400E-06,-201.0050230E-03,+4.0827841E-03
+513.7600E-06,+140.7035161E-03,+205.0878108E-03
+514.2800E-06,+261.3065299E-03,+4.0827841E-03
+514.8000E-06,-60.3015069E-03,+205.0878107E-03
+515.3200E-06,-301.5075345E-03,+4.0827841E-03
+515.8400E-06,-120.6030138E-03,+205.0878107E-03
+516.3600E-06,+180.9045207E-03,+205.0878108E-03
+516.8800E-06,+180.9045207E-03,+4.0827841E-03
+517.4000E-06,-120.6030138E-03,+4.0827841E-03
+517.9200E-06,-281.4070322E-03,+4.0827841E-03
+518.4400E-06,-0.0E+00,+205.0878108E-03
+518.9600E-06,+241.2060276E-03,+4.0827841E-03
+519.4800E-06,+100.5025115E-03,+4.0827841E-03
+520.0000E-06,-201.0050230E-03,+4.0827841E-03
+520.5200E-06,-241.2060276E-03,+4.0827841E-03
+521.0400E-06,+80.4020092E-03,+205.0878108E-03
+521.5600E-06,+241.2060276E-03,+4.0827841E-03
+522.0800E-06,+0.0E+00,+205.0878108E-03
+522.6000E-06,-281.4070322E-03,+205.0878108E-03
+523.1200E-06,-140.7035161E-03,+4.0827841E-03
+523.6400E-06,+160.8040184E-03,+4.0827841E-03
+524.1600E-06,+201.0050230E-03,+4.0827841E-03
+524.6800E-06,-100.5025115E-03,+205.0878107E-03
+525.2000E-06,-301.5075345E-03,+205.0878107E-03
+525.7200E-06,-40.2010046E-03,+205.0878107E-03
+526.2400E-06,+241.2060276E-03,+205.0878107E-03
+526.7600E-06,+120.6030138E-03,+4.0827841E-03
+527.2800E-06,-201.0050230E-03,+4.0827841E-03
+527.8000E-06,-241.2060276E-03,+205.0878107E-03
+528.3200E-06,+80.4020092E-03,+205.0878108E-03
+528.8400E-06,+261.3065299E-03,+205.0878107E-03
+529.3600E-06,-20.1005023E-03,+205.0878108E-03
+529.8800E-06,-281.4070322E-03,+205.0878108E-03
+530.4000E-06,-100.5025115E-03,+4.0827841E-03
+530.9200E-06,+180.9045207E-03,+205.0878107E-03
+531.4400E-06,+180.9045207E-03,+205.0878108E-03
+531.9600E-06,-140.7035161E-03,+4.0827841E-03
+532.4800E-06,-261.3065299E-03,+205.0878107E-03
+533.0000E-06,+20.1005023E-03,+4.0827841E-03
+533.5200E-06,+241.2060276E-03,+4.0827841E-03
+534.0400E-06,+20.1005023E-03,+4.0827841E-03
+534.5600E-06,-261.3065299E-03,+4.0827841E-03
+535.0800E-06,-140.7035161E-03,+205.0878108E-03
+535.6000E-06,+180.9045207E-03,+4.0827841E-03
+536.1200E-06,+180.9045207E-03,+4.0827841E-03
+536.6400E-06,-140.7035161E-03,+205.0878107E-03
+537.1600E-06,-281.4070322E-03,+205.0878108E-03
+537.6800E-06,+40.2010046E-03,+205.0878108E-03
+538.2000E-06,+241.2060276E-03,+205.0878108E-03
+538.7200E-06,+20.1005023E-03,+205.0878107E-03
+539.2400E-06,-281.4070322E-03,+4.0827841E-03
+539.7600E-06,-140.7035161E-03,+4.0827841E-03
+540.2800E-06,+201.0050230E-03,+4.0827841E-03
+540.8000E-06,+180.9045207E-03,+205.0878107E-03
+541.3200E-06,-160.8040184E-03,+4.0827841E-03
+541.8400E-06,-261.3065299E-03,+205.0878107E-03
+542.3600E-06,+80.4020092E-03,+4.0827841E-03
+542.8800E-06,+221.1055253E-03,+4.0827841E-03
+543.4000E-06,+0.0E+00,+205.0878107E-03
+543.9200E-06,-281.4070322E-03,+205.0878107E-03
+544.4400E-06,-100.5025115E-03,+4.0827841E-03
+544.9600E-06,+221.1055253E-03,+4.0827841E-03
+545.4800E-06,+160.8040184E-03,+4.0827841E-03
+546.0000E-06,-221.1055253E-03,+4.0827841E-03
+546.5200E-06,-221.1055253E-03,+205.0878108E-03
+547.0400E-06,+120.6030138E-03,+4.0827841E-03
+547.5600E-06,+221.1055253E-03,+4.0827841E-03
+548.0800E-06,-80.4020092E-03,+205.0878107E-03
+548.6000E-06,-261.3065299E-03,+4.0827841E-03
+549.1200E-06,-20.1005023E-03,+4.0827841E-03
+549.6400E-06,+241.2060276E-03,+4.0827841E-03
+550.1600E-06,+20.1005023E-03,+205.0878108E-03
+550.6800E-06,-261.3065299E-03,+205.0878108E-03
+551.2000E-06,-120.6030138E-03,+4.0827841E-03
+551.7200E-06,+201.0050230E-03,+205.0878107E-03
+552.2400E-06,+160.8040184E-03,+4.0827841E-03
+552.7600E-06,-201.0050230E-03,+205.0878108E-03
+553.2800E-06,-221.1055253E-03,+4.0827841E-03
+553.8000E-06,+120.6030138E-03,+4.0827841E-03
+554.3200E-06,+221.1055253E-03,+205.0878108E-03
+554.8400E-06,-120.6030138E-03,+205.0878108E-03
+555.3600E-06,-281.4070322E-03,+205.0878108E-03
+555.8800E-06,+20.1005023E-03,+4.0827841E-03
+556.4000E-06,+221.1055253E-03,+4.0827841E-03
+556.9200E-06,+0.0E+00,+205.0878108E-03
+557.4400E-06,-281.4070322E-03,+205.0878108E-03
+557.9600E-06,-100.5025115E-03,+4.0827841E-03
+558.4800E-06,+221.1055253E-03,+205.0878107E-03
+559.0000E-06,+80.4020092E-03,+4.0827841E-03
+559.5200E-06,-241.2060276E-03,+4.0827841E-03
+560.0400E-06,-140.7035161E-03,+4.0827841E-03
+560.5600E-06,+201.0050230E-03,+4.0827841E-03
+561.0800E-06,+140.7035161E-03,+205.0878107E-03
+561.6000E-06,-180.9045207E-03,+4.0827841E-03
+562.1200E-06,-201.0050230E-03,+4.0827841E-03
+562.6400E-06,+100.5025115E-03,-196.9222426E-03
+563.1600E-06,+201.0050230E-03,+4.0827841E-03
+563.6800E-06,-120.6030138E-03,+4.0827841E-03
+564.2000E-06,-261.3065299E-03,+205.0878106E-03
+564.7200E-06,+60.3015069E-03,+4.0827841E-03
+565.2400E-06,+221.1055253E-03,+4.0827841E-03
+565.7600E-06,-80.4020092E-03,+4.0827841E-03
+566.2800E-06,-261.3065299E-03,+4.0827841E-03
+566.8000E-06,+20.1005023E-03,+4.0827841E-03
+567.3200E-06,+241.2060276E-03,+205.0878107E-03
+567.8400E-06,-20.1005023E-03,+4.0827841E-03
+568.3600E-06,-261.3065299E-03,+4.0827841E-03
+568.8800E-06,-40.2010046E-03,+205.0878108E-03
+569.4000E-06,+221.1055253E-03,+4.0827841E-03
+569.9200E-06,+40.2010046E-03,+4.0827841E-03
+570.4400E-06,-261.3065299E-03,+205.0878107E-03
+570.9600E-06,-80.4020092E-03,+205.0878107E-03
+571.4800E-06,+221.1055253E-03,+205.0878108E-03
+572.0000E-06,+60.3015069E-03,+205.0878107E-03
+572.5200E-06,-241.2060276E-03,+205.0878108E-03
+573.0400E-06,-120.6030138E-03,+205.0878108E-03
+573.5600E-06,+201.0050230E-03,-196.9222426E-03
+574.0800E-06,+100.5025115E-03,+4.0827841E-03
+574.6000E-06,-241.2060276E-03,+205.0878108E-03
+575.1200E-06,-140.7035161E-03,+205.0878108E-03
+575.6400E-06,+201.0050230E-03,+4.0827841E-03
+576.1600E-06,+100.5025115E-03,+205.0878108E-03
+576.6800E-06,-201.0050230E-03,+4.0827841E-03
+577.2000E-06,-140.7035161E-03,+4.0827841E-03
+577.7200E-06,+160.8040184E-03,+4.0827841E-03
+578.2400E-06,+140.7035161E-03,+4.0827841E-03
+578.7600E-06,-201.0050230E-03,+205.0878107E-03
+579.2800E-06,-160.8040184E-03,+4.0827841E-03
+579.8000E-06,+180.9045207E-03,+4.0827841E-03
+580.3200E-06,+140.7035161E-03,+205.0878107E-03
+580.8400E-06,-221.1055253E-03,+205.0878108E-03
+581.3600E-06,-160.8040184E-03,+4.0827841E-03
+581.8800E-06,+160.8040184E-03,+4.0827841E-03
+582.4000E-06,+140.7035161E-03,+4.0827841E-03
+582.9200E-06,-201.0050230E-03,+205.0878107E-03
+583.4400E-06,-140.7035161E-03,+205.0878107E-03
+583.9600E-06,+180.9045207E-03,+4.0827841E-03
+584.4800E-06,+100.5025115E-03,+205.0878108E-03
+585.0000E-06,-261.3065298E-03,+4.0827841E-03
+585.5200E-06,-120.6030138E-03,+205.0878108E-03
+586.0400E-06,+180.9045207E-03,+205.0878107E-03
+586.5600E-06,+80.4020092E-03,+205.0878108E-03
+587.0800E-06,-221.1055253E-03,+205.0878107E-03
+587.6000E-06,-120.6030138E-03,+205.0878108E-03
+588.1200E-06,+221.1055253E-03,+4.0827841E-03
+588.6400E-06,+100.5025115E-03,+205.0878108E-03
+589.1600E-06,-241.2060276E-03,-196.9222426E-03
+589.6800E-06,-80.4020092E-03,+205.0878107E-03
+590.2000E-06,+221.1055253E-03,+4.0827841E-03
+590.7200E-06,+20.1005023E-03,+4.0827841E-03
+591.2400E-06,-241.2060276E-03,+205.0878108E-03
+591.7600E-06,-40.2010046E-03,+4.0827841E-03
+592.2800E-06,+221.1055253E-03,+4.0827841E-03
+592.8000E-06,-20.1005023E-03,+4.0827841E-03
+593.3200E-06,-241.2060276E-03,+205.0878107E-03
+593.8400E-06,+40.2010046E-03,+205.0878107E-03
+594.3600E-06,+221.1055253E-03,+205.0878106E-03
+594.8800E-06,-80.4020092E-03,+4.0827841E-03
+595.4000E-06,-261.3065299E-03,+4.0827841E-03
+595.9200E-06,+40.2010046E-03,+205.0878107E-03
+596.4400E-06,+180.9045207E-03,+205.0878107E-03
+596.9600E-06,-120.6030138E-03,+4.0827841E-03
+597.4800E-06,-201.0050230E-03,+205.0878107E-03
+598.0000E-06,+160.8040184E-03,+4.0827842E-03
+598.5200E-06,+160.8040184E-03,+205.0878108E-03
+599.0400E-06,-180.9045207E-03,+205.0878107E-03
+599.5600E-06,-160.8040184E-03,-196.9222424E-03
+600.0800E-06,+201.0050230E-03,+205.0878107E-03
+600.6000E-06,+80.4020092E-03,+205.0878107E-03
+601.1200E-06,-221.1055253E-03,+4.0827841E-03
+601.6400E-06,-60.3015069E-03,+205.0878109E-03
+602.1600E-06,+201.0050230E-03,+4.0827840E-03
+602.6800E-06,+0.0E+00,+4.0827842E-03
+603.2000E-06,-261.3065299E-03,+4.0827841E-03
+603.7200E-06,+20.1005023E-03,+205.0878107E-03
+604.2400E-06,+201.0050230E-03,+4.0827842E-03
+604.7600E-06,-80.4020092E-03,+205.0878107E-03
+605.2800E-06,-221.1055253E-03,+205.0878107E-03
+605.8000E-06,+100.5025115E-03,-196.9222425E-03
+606.3200E-06,+160.8040184E-03,+205.0878107E-03
+606.8400E-06,-201.0050230E-03,+205.0878107E-03
+607.3600E-06,-140.7035161E-03,+205.0878108E-03
+607.8800E-06,+180.9045207E-03,+4.0827841E-03
+608.4000E-06,+80.4020092E-03,+4.0827841E-03
+608.9200E-06,-241.2060276E-03,+205.0878106E-03
+609.4400E-06,-60.3015069E-03,+4.0827842E-03
+609.9600E-06,+201.0050230E-03,+205.0878108E-03
+610.4800E-06,-40.2010046E-03,+4.0827841E-03
+611.0000E-06,-241.2060276E-03,+205.0878106E-03
+611.5200E-06,+80.4020092E-03,+4.0827841E-03
+612.0400E-06,+180.9045207E-03,+205.0878108E-03
+612.5600E-06,-160.8040184E-03,+4.0827841E-03
+613.0800E-06,-160.8040184E-03,+205.0878106E-03
+613.6000E-06,+180.9045207E-03,+4.0827841E-03
+614.1200E-06,+80.4020092E-03,+205.0878106E-03
+614.6400E-06,-221.1055253E-03,+205.0878106E-03
+615.1600E-06,-40.2010046E-03,+205.0878106E-03
+615.6800E-06,+201.0050230E-03,+205.0878108E-03
+616.2000E-06,-20.1005023E-03,-196.9222424E-03
+616.7200E-06,-221.1055253E-03,+205.0878106E-03
+617.2400E-06,+60.3015069E-03,+205.0878106E-03
+617.7600E-06,+160.8040184E-03,+205.0878108E-03
+618.2800E-06,-180.9045207E-03,+4.0827841E-03
+618.8000E-06,-140.7035161E-03,+205.0878106E-03
+619.3200E-06,+201.0050230E-03,+4.0827842E-03
+619.8400E-06,+20.1005023E-03,+4.0827842E-03
+620.3600E-06,-241.2060276E-03,+205.0878108E-03
+620.8800E-06,+0.0E+00,+4.0827841E-03
+621.4000E-06,+201.0050230E-03,+4.0827841E-03
+621.9200E-06,-120.6030138E-03,+205.0878106E-03
+622.4400E-06,-180.9045207E-03,+4.0827842E-03
+622.9600E-06,+140.7035161E-03,+205.0878106E-03
+623.4800E-06,+60.3015069E-03,+205.0878108E-03
+624.0000E-06,-241.2060276E-03,+4.0827841E-03
+624.5200E-06,-20.1005023E-03,+205.0878106E-03
+625.0400E-06,+201.0050230E-03,+4.0827842E-03
+625.5600E-06,-80.4020092E-03,+4.0827841E-03
+626.0800E-06,-201.0050230E-03,+205.0878108E-03
+626.6000E-06,+120.6030138E-03,+4.0827842E-03
+627.1200E-06,+140.7035161E-03,+4.0827841E-03
+627.6400E-06,-221.1055253E-03,+205.0878106E-03
+628.1600E-06,-40.2010046E-03,+4.0827841E-03
+628.6800E-06,+221.1055253E-03,+4.0827842E-03
+629.2000E-06,-80.4020092E-03,+4.0827841E-03
+629.7200E-06,-201.0050230E-03,+4.0827841E-03
+630.2400E-06,+120.6030138E-03,+4.0827841E-03
+630.7600E-06,+120.6030138E-03,+4.0827841E-03
+631.2800E-06,-201.0050230E-03,+4.0827842E-03
+631.8000E-06,-60.3015069E-03,+205.0878106E-03
+632.3200E-06,+201.0050230E-03,-196.9222425E-03
+632.8400E-06,-80.4020092E-03,+205.0878106E-03
+633.3600E-06,-180.9045207E-03,+205.0878108E-03
+633.8800E-06,+120.6030138E-03,+4.0827841E-03
+634.4000E-06,+80.4020092E-03,+4.0827842E-03
+634.9200E-06,-221.1055253E-03,+4.0827841E-03
+635.4400E-06,-20.1005023E-03,+205.0878108E-03
+635.9600E-06,+180.9045207E-03,+205.0878106E-03
+636.4800E-06,-120.6030138E-03,+205.0878106E-03
+637.0000E-06,-160.8040184E-03,+4.0827841E-03
+637.5200E-06,+160.8040184E-03,+205.0878108E-03
+638.0400E-06,+40.2010046E-03,+4.0827841E-03
+638.5600E-06,-241.2060276E-03,+205.0878106E-03
+639.0800E-06,+40.2010046E-03,+205.0878108E-03
+639.6000E-06,+180.9045207E-03,+205.0878106E-03
+640.1200E-06,-160.8040184E-03,+4.0827841E-03
+640.6400E-06,-100.5025115E-03,+4.0827842E-03
+641.1600E-06,+180.9045207E-03,+205.0878108E-03
+641.6800E-06,-20.1005023E-03,+4.0827839E-03
+642.2000E-06,-201.0050230E-03,+205.0878106E-03
+642.7200E-06,+120.6030138E-03,+4.0827841E-03
+643.2400E-06,+100.5025115E-03,+205.0878106E-03
+643.7600E-06,-221.1055253E-03,+4.0827842E-03
+644.2800E-06,-20.1005023E-03,+205.0878108E-03
+644.8000E-06,+180.9045207E-03,+4.0827841E-03
+645.3200E-06,-140.7035161E-03,+4.0827842E-03
+645.8400E-06,-140.7035161E-03,+4.0827842E-03
+646.3600E-06,+180.9045207E-03,+205.0878106E-03
+646.8800E-06,+0.0E+00,+205.0878106E-03
+647.4000E-06,-221.1055253E-03,+205.0878106E-03
+647.9200E-06,+80.4020092E-03,+205.0878105E-03
+648.4400E-06,+120.6030138E-03,+4.0827841E-03
+648.9600E-06,-221.1055253E-03,+205.0878108E-03
+649.4800E-06,-20.1005023E-03,+205.0878105E-03
+650.0000E-06,+180.9045207E-03,+4.0827842E-03
+650.5200E-06,-120.6030138E-03,+205.0878106E-03
+651.0400E-06,-140.7035161E-03,+4.0827841E-03
+651.5600E-06,+180.9045207E-03,+4.0827841E-03
+652.0800E-06,-40.2010046E-03,+205.0878106E-03
+652.6000E-06,-201.0050230E-03,+205.0878108E-03
+653.1200E-06,+140.7035161E-03,+205.0878106E-03
+653.6400E-06,+100.5025115E-03,+205.0878108E-03
+654.1600E-06,-221.1055253E-03,+4.0827841E-03
+654.6800E-06,+40.2010046E-03,+4.0827842E-03
+655.2000E-06,+180.9045207E-03,+4.0827841E-03
+655.7200E-06,-180.9045207E-03,+205.0878106E-03
+656.2400E-06,-60.3015069E-03,+4.0827842E-03
+656.7600E-06,+180.9045207E-03,+4.0827841E-03
+657.2800E-06,-100.5025115E-03,+4.0827841E-03
+657.8000E-06,-180.9045207E-03,+4.0827842E-03
+658.3200E-06,+180.9045207E-03,+4.0827842E-03
+658.8400E-06,+0.0E+00,+4.0827842E-03
+659.3600E-06,-221.1055253E-03,+205.0878108E-03
+659.8800E-06,+140.7035160E-03,+4.0827842E-03
+660.4000E-06,+80.4020092E-03,+4.0827841E-03
+660.9200E-06,-201.0050230E-03,+4.0827841E-03
+661.4400E-06,+60.3015069E-03,+4.0827841E-03
+661.9600E-06,+120.6030138E-03,+205.0878106E-03
+662.4800E-06,-180.9045207E-03,+4.0827842E-03
+663.0000E-06,-40.2010046E-03,+205.0878106E-03
+663.5200E-06,+160.8040184E-03,+4.0827842E-03
+664.0400E-06,-140.7035161E-03,+4.0827841E-03
+664.5600E-06,-100.5025115E-03,+205.0878106E-03
+665.0800E-06,+180.9045207E-03,+205.0878108E-03
+665.6000E-06,-60.3015069E-03,+4.0827842E-03
+666.1200E-06,-160.8040184E-03,+4.0827842E-03
+666.6400E-06,+180.9045207E-03,+4.0827841E-03
+667.1600E-06,-0.0E+00,+205.0878108E-03
+667.6800E-06,-201.0050230E-03,+205.0878108E-03
+668.2000E-06,+140.7035161E-03,+205.0878106E-03
+668.7200E-06,+60.3015069E-03,+205.0878108E-03
+669.2400E-06,-201.0050230E-03,+4.0827841E-03
+669.7600E-06,+100.5025115E-03,+205.0878106E-03
+670.2800E-06,+100.5025115E-03,+205.0878108E-03
+670.8000E-06,-221.1055253E-03,+205.0878106E-03
+671.3200E-06,+20.1005023E-03,+4.0827841E-03
+671.8400E-06,+120.6030138E-03,+4.0827842E-03
+672.3600E-06,-221.1055253E-03,+4.0827841E-03
+672.8800E-06,+20.1005022E-03,+205.0878106E-03
+673.4000E-06,+160.8040184E-03,+4.0827842E-03
+673.9200E-06,-180.9045207E-03,+205.0878106E-03
+674.4400E-06,-60.3015069E-03,+4.0827841E-03
+674.9600E-06,+180.9045207E-03,+205.0878108E-03
+675.4800E-06,-160.8040184E-03,+205.0878108E-03
+676.0000E-06,-80.4020092E-03,+4.0827841E-03
+676.5200E-06,+180.9045207E-03,+205.0878108E-03
+677.0400E-06,-120.6030138E-03,+205.0878108E-03
+677.5600E-06,-100.5025115E-03,+205.0878106E-03
+678.0800E-06,+180.9045207E-03,+205.0878106E-03
+678.6000E-06,-100.5025115E-03,+205.0878106E-03
+679.1200E-06,-140.7035161E-03,+4.0827841E-03
+679.6400E-06,+180.9045207E-03,+205.0878108E-03
+680.1600E-06,-80.4020092E-03,+4.0827842E-03
+680.6800E-06,-140.7035161E-03,+205.0878108E-03
+681.2000E-06,+180.9045207E-03,+4.0827842E-03
+681.7200E-06,-80.4020092E-03,+4.0827841E-03
+682.2400E-06,-140.7035161E-03,+4.0827842E-03
+682.7600E-06,+160.8040184E-03,+4.0827841E-03
+683.2800E-06,-60.3015069E-03,+4.0827842E-03
+683.8000E-06,-160.8040184E-03,+205.0878108E-03
+684.3200E-06,+180.9045207E-03,+4.0827842E-03
+684.8400E-06,-60.3015069E-03,+205.0878106E-03
+685.3600E-06,-160.8040184E-03,+4.0827841E-03
+685.8800E-06,+160.8040184E-03,+4.0827841E-03
+686.4000E-06,-60.3015069E-03,+4.0827842E-03
+686.9200E-06,-180.9045207E-03,+205.0878106E-03
+687.4400E-06,+140.7035161E-03,+205.0878106E-03
+687.9600E-06,-40.2010046E-03,+205.0878108E-03
+688.4800E-06,-180.9045207E-03,+205.0878106E-03
+689.0000E-06,+160.8040184E-03,+4.0827841E-03
+689.5200E-06,-60.3015069E-03,+205.0878108E-03
+690.0400E-06,-140.7035161E-03,+205.0878108E-03
+690.5600E-06,+160.8040184E-03,+205.0878106E-03
+691.0800E-06,-80.4020092E-03,+205.0878106E-03
+691.6000E-06,-140.7035161E-03,+205.0878106E-03
+692.1200E-06,+160.8040184E-03,+4.0827842E-03
+692.6400E-06,-100.5025115E-03,+205.0878108E-03
+693.1600E-06,-120.6030138E-03,+4.0827841E-03
+693.6800E-06,+180.9045207E-03,+205.0878106E-03
+694.2000E-06,-120.6030138E-03,+205.0878106E-03
+694.7200E-06,-100.5025115E-03,+4.0827841E-03
+695.2400E-06,+180.9045207E-03,+4.0827841E-03
+695.7600E-06,-140.7035161E-03,+4.0827841E-03
+696.2800E-06,-60.3015069E-03,+205.0878110E-03
+696.8000E-06,+180.9045207E-03,+205.0878108E-03
+697.3200E-06,-160.8040184E-03,+205.0878106E-03
+697.8400E-06,-20.1005023E-03,+4.0827843E-03
+698.3600E-06,+140.7035161E-03,+205.0878106E-03
+698.8800E-06,-180.9045207E-03,+205.0878108E-03
+699.4000E-06,+20.1005023E-03,+4.0827841E-03
+699.9200E-06,+100.5025115E-03,+205.0878108E-03
+700.4400E-06,-201.0050230E-03,+205.0878108E-03
+700.9600E-06,+40.2010046E-03,+205.0878106E-03
+701.4800E-06,+80.4020092E-03,+205.0878106E-03
+702.0000E-06,-201.0050230E-03,+4.0827843E-03
+702.5200E-06,+80.4020092E-03,+4.0827841E-03
+703.0400E-06,+60.3015069E-03,+205.0878108E-03
+703.5600E-06,-180.9045207E-03,+205.0878106E-03
+704.0800E-06,+140.7035161E-03,+205.0878106E-03
+704.6000E-06,+0.0E+00,+205.0878106E-03
+705.1200E-06,-180.9045207E-03,+205.0878108E-03
+705.6400E-06,+140.7035161E-03,+4.0827843E-03
+706.1600E-06,-80.4020092E-03,+205.0878106E-03
+706.6800E-06,-120.6030138E-03,+205.0878108E-03
+707.2000E-06,+160.8040184E-03,+4.0827841E-03
+707.7200E-06,-120.6030138E-03,+4.0827839E-03
+708.2400E-06,-60.3015069E-03,+205.0878108E-03
+708.7600E-06,+160.8040184E-03,+4.0827841E-03
+709.2800E-06,-160.8040184E-03,+4.0827841E-03
+709.8000E-06,+20.1005023E-03,+4.0827841E-03
+710.3200E-06,+100.5025115E-03,+205.0878105E-03
+710.8400E-06,-201.0050230E-03,+4.0827843E-03
+711.3600E-06,+60.3015069E-03,+4.0827843E-03
+711.8800E-06,+40.2010046E-03,+4.0827843E-03
+712.4000E-06,-160.8040184E-03,+205.0878105E-03
+712.9200E-06,+140.7035161E-03,+205.0878108E-03
+713.4400E-06,-40.2010046E-03,+205.0878108E-03
+713.9600E-06,-120.6030138E-03,+4.0827841E-03
+714.4800E-06,+180.9045207E-03,+4.0827838E-03
+715.0000E-06,-140.7035160E-03,+4.0827843E-03
+715.5200E-06,-60.3015069E-03,+205.0878105E-03
+716.0400E-06,+140.7035161E-03,+4.0827843E-03
+716.5600E-06,-180.9045207E-03,+4.0827843E-03
+717.0800E-06,+40.2010046E-03,+205.0878105E-03
+717.6000E-06,+80.4020092E-03,+205.0878105E-03
+718.1200E-06,-201.0050230E-03,+4.0827841E-03
+718.6400E-06,+140.7035161E-03,+205.0878105E-03
+719.1600E-06,-20.1005023E-03,+4.0827843E-03
+719.6800E-06,-160.8040184E-03,+4.0827843E-03
+720.2000E-06,+140.7035161E-03,+4.0827838E-03
+720.7200E-06,-120.6030138E-03,+4.0827841E-03
+721.2400E-06,-40.2010046E-03,+205.0878105E-03
+721.7600E-06,+140.7035161E-03,+205.0878108E-03
+722.2800E-06,-180.9045207E-03,+4.0827841E-03
+722.8000E-06,+60.3015068E-03,+4.0827841E-03
+723.3200E-06,+40.2010046E-03,+205.0878108E-03
+723.8400E-06,-180.9045207E-03,+205.0878105E-03
+724.3600E-06,+140.7035161E-03,+4.0827843E-03
+724.8800E-06,-60.3015069E-03,+4.0827843E-03
+725.4000E-06,-120.6030138E-03,+205.0878108E-03
+725.9200E-06,+160.8040184E-03,+205.0878105E-03
+726.4400E-06,-160.8040184E-03,+4.0827843E-03
+726.9600E-06,+0.0E+00,+205.0878108E-03
+727.4800E-06,+80.4020092E-03,+205.0878105E-03
+728.0000E-06,-201.0050230E-03,+4.0827841E-03
+728.5200E-06,+120.6030137E-03,+205.0878105E-03
+729.0400E-06,-20.1005023E-03,+4.0827843E-03
+729.5600E-06,-100.5025115E-03,+4.0827841E-03
+730.0800E-06,+140.7035161E-03,+4.0827843E-03
+730.6000E-06,-140.7035161E-03,+205.0878105E-03
+731.1200E-06,-0.0E+00,+4.0827841E-03
+731.6400E-06,+80.4020092E-03,+4.0827841E-03
+732.1600E-06,-180.9045207E-03,+205.0878105E-03
+732.6800E-06,+120.6030138E-03,+4.0827843E-03
+733.2000E-06,-40.2010046E-03,+4.0827843E-03
+733.7200E-06,-100.5025115E-03,+205.0878108E-03
+734.2400E-06,+140.7035161E-03,+205.0878108E-03
+734.7600E-06,-160.8040184E-03,+205.0878105E-03
+735.2800E-06,+40.2010046E-03,+205.0878108E-03
+735.8000E-06,+60.3015069E-03,+205.0878105E-03
+736.3200E-06,-160.8040184E-03,+4.0827843E-03
+736.8400E-06,+160.8040184E-03,+205.0878105E-03
+737.3600E-06,-100.5025115E-03,+205.0878105E-03
+737.8800E-06,-40.2010046E-03,+4.0827841E-03
+738.4000E-06,+120.6030138E-03,+4.0827841E-03
+738.9200E-06,-201.0050229E-03,+205.0878105E-03
+739.4400E-06,+100.5025115E-03,+205.0878108E-03
+739.9600E-06,-20.1005023E-03,+4.0827843E-03
+740.4800E-06,-120.6030138E-03,+205.0878105E-03
+741.0000E-06,+140.7035161E-03,+4.0827841E-03
+741.5200E-06,-160.8040184E-03,+4.0827843E-03
+742.0400E-06,+20.1005023E-03,+4.0827841E-03
+742.5600E-06,+40.2010046E-03,+4.0827843E-03
+743.0800E-06,-160.8040184E-03,+4.0827843E-03
+743.6000E-06,+140.7035161E-03,+4.0827841E-03
+744.1200E-06,-120.6030138E-03,+4.0827843E-03
+744.6400E-06,-40.2010046E-03,+205.0878108E-03
+745.1600E-06,+80.4020092E-03,+4.0827841E-03
+745.6800E-06,-180.9045207E-03,+4.0827841E-03
+746.2000E-06,+140.7035160E-03,+4.0827843E-03
+746.7200E-06,-60.3015069E-03,+4.0827841E-03
+747.2400E-06,-60.3015069E-03,+4.0827841E-03
+747.7600E-06,+120.6030138E-03,+4.0827843E-03
+748.2800E-06,-180.9045207E-03,+205.0878108E-03
+748.8000E-06,+120.6030138E-03,+4.0827841E-03
+749.3200E-06,-40.2010046E-03,+4.0827841E-03
+749.8400E-06,-80.4020092E-03,+4.0827843E-03
+750.3600E-06,+140.7035161E-03,+4.0827843E-03
+750.8800E-06,-160.8040184E-03,+4.0827841E-03
+751.4000E-06,+80.4020092E-03,+4.0827843E-03
+751.9200E-06,-20.1005023E-03,+4.0827843E-03
+752.4400E-06,-100.5025115E-03,+205.0878105E-03
+752.9600E-06,+100.5025115E-03,+205.0878105E-03
+753.4800E-06,-180.9045207E-03,+4.0827841E-03
+754.0000E-06,+100.5025115E-03,+4.0827841E-03
+754.5200E-06,-20.1005023E-03,+205.0878105E-03
+755.0400E-06,-100.5025115E-03,+205.0878108E-03
+755.5600E-06,+140.7035161E-03,+205.0878105E-03
+756.0800E-06,-201.0050229E-03,+4.0827843E-03
+756.6000E-06,+120.6030137E-03,+205.0878108E-03
+757.1200E-06,-60.3015069E-03,+4.0827843E-03
+757.6400E-06,-100.5025115E-03,+4.0827841E-03
+758.1600E-06,+120.6030138E-03,+4.0827843E-03
+758.6800E-06,-180.9045207E-03,+205.0878105E-03
+759.2000E-06,+100.5025115E-03,+4.0827841E-03
+759.7200E-06,-80.4020092E-03,+4.0827843E-03
+760.2400E-06,-40.2010046E-03,+4.0827841E-03
+760.7600E-06,+100.5025115E-03,+205.0878108E-03
+761.2800E-06,-180.9045206E-03,+4.0827841E-03
+761.8000E-06,+120.6030138E-03,+4.0827841E-03
+762.3200E-06,-100.5025115E-03,+205.0878105E-03
+762.8400E-06,-0.0E+00,+205.0878108E-03
+763.3600E-06,+40.2010046E-03,+4.0827841E-03
+763.8800E-06,-160.8040184E-03,+4.0827841E-03
+764.4000E-06,+140.7035161E-03,+205.0878108E-03
+764.9200E-06,-140.7035161E-03,+205.0878105E-03
+765.4400E-06,+60.3015069E-03,+205.0878105E-03
+765.9600E-06,+0.0E+00,+4.0827841E-03
+766.4800E-06,-120.6030138E-03,+205.0878105E-03
+767.0000E-06,+120.6030138E-03,+4.0827841E-03
+767.5200E-06,-160.8040184E-03,+205.0878108E-03
+768.0400E-06,+120.6030138E-03,+4.0827843E-03
+768.5600E-06,-80.4020091E-03,+205.0878105E-03
+769.0800E-06,-20.1005024E-03,+4.0827841E-03
+769.6000E-06,+80.4020092E-03,+4.0827841E-03
+770.1200E-06,-160.8040184E-03,+205.0878108E-03
+770.6400E-06,+120.6030138E-03,+205.0878105E-03
+771.1600E-06,-140.7035161E-03,+4.0827843E-03
+771.6800E-06,+60.3015068E-03,+205.0878105E-03
+772.2000E-06,-20.1005022E-03,+4.0827838E-03
+772.7200E-06,-80.4020092E-03,+406.0928369E-03
+773.2400E-06,+120.6030138E-03,+4.0827841E-03
+773.7600E-06,-160.8040184E-03,+4.0827841E-03
+774.2800E-06,+120.6030138E-03,+4.0827843E-03
+774.8000E-06,-100.5025115E-03,+4.0827841E-03
+775.3200E-06,+20.1005023E-03,+205.0878102E-03
+775.8400E-06,+40.2010046E-03,+205.0878105E-03
+776.3600E-06,-140.7035161E-03,+4.0827841E-03
+776.8800E-06,+140.7035161E-03,+205.0878105E-03
+777.4000E-06,-201.0050229E-03,+205.0878105E-03
+777.9200E-06,+120.6030138E-03,+4.0827843E-03
+778.4400E-06,-100.5025114E-03,+4.0827841E-03
+778.9600E-06,+20.1005022E-03,+4.0827843E-03
+779.4800E-06,+20.1005024E-03,+4.0827843E-03
+780.0000E-06,-140.7035161E-03,+4.0827843E-03
+780.5200E-06,+140.7035161E-03,+4.0827843E-03
+781.0400E-06,-160.8040184E-03,+4.0827843E-03
+781.5600E-06,+120.6030138E-03,+4.0827841E-03
+782.0800E-06,-80.4020092E-03,+205.0878108E-03
+782.6000E-06,+40.2010045E-03,+4.0827843E-03
+783.1200E-06,+40.2010046E-03,+4.0827841E-03
+783.6400E-06,-100.5025115E-03,+205.0878105E-03
+784.1600E-06,+120.6030138E-03,+205.0878105E-03
+784.6800E-06,-160.8040184E-03,+205.0878105E-03
+785.2000E-06,+140.7035161E-03,+205.0878105E-03
+785.7200E-06,-120.6030138E-03,+4.0827841E-03
+786.2400E-06,+40.2010046E-03,+4.0827843E-03
+786.7600E-06,-40.2010045E-03,+4.0827841E-03
+787.2800E-06,-60.3015069E-03,+205.0878108E-03
+787.8000E-06,+100.5025115E-03,+4.0827843E-03
+788.3200E-06,-160.8040183E-03,+4.0827841E-03
+788.8400E-06,+140.7035161E-03,+4.0827841E-03
+789.3600E-06,-160.8040183E-03,+205.0878108E-03
+789.8800E-06,+120.6030138E-03,+205.0878105E-03
+790.4000E-06,-80.4020092E-03,+4.0827841E-03
+790.9200E-06,-0.0E+00,+205.0878108E-03
+791.4400E-06,+20.1005023E-03,+4.0827843E-03
+791.9600E-06,-100.5025115E-03,+4.0827841E-03
+792.4800E-06,+80.4020092E-03,+205.0878108E-03
+793.0000E-06,-160.8040183E-03,+4.0827841E-03
+793.5200E-06,+120.6030138E-03,+205.0878105E-03
+794.0400E-06,-160.8040183E-03,+205.0878108E-03
+794.5600E-06,+100.5025115E-03,+205.0878105E-03
+795.0800E-06,-100.5025115E-03,+4.0827841E-03
+795.6000E-06,+0.0E+00,+4.0827841E-03
+796.1200E-06,+0.0E+00,+205.0878108E-03
+796.6400E-06,-80.4020092E-03,+205.0878105E-03
+797.1600E-06,+80.4020092E-03,+205.0878108E-03
+797.6800E-06,-140.7035161E-03,+4.0827841E-03
+798.2000E-06,+140.7035161E-03,+205.0878108E-03
+798.7200E-06,-160.8040184E-03,+4.0827844E-03
+799.2400E-06,+140.7035161E-03,+4.0827841E-03
+799.7600E-06,-120.6030138E-03,+4.0827841E-03
+800.2800E-06,+80.4020092E-03,+4.0827841E-03
+800.8000E-06,-60.3015069E-03,+4.0827841E-03
+801.3200E-06,-100E-12,+205.0878105E-03
+801.8400E-06,+20.1005023E-03,+4.0827841E-03
+802.3600E-06,-80.4020092E-03,+4.0827844E-03
+802.8800E-06,+100.5025115E-03,+4.0827844E-03
+803.4000E-06,-160.8040183E-03,+205.0878108E-03
+803.9200E-06,+140.7035161E-03,+205.0878105E-03
+804.4400E-06,-160.8040184E-03,+4.0827841E-03
+804.9600E-06,+120.6030138E-03,+205.0878104E-03
+805.4800E-06,-140.7035161E-03,+205.0878108E-03
+806.0000E-06,+100.5025115E-03,+4.0827841E-03
+806.5200E-06,-100.5025115E-03,+4.0827844E-03
+807.0400E-06,+40.2010046E-03,+205.0878104E-03
+807.5600E-06,-20.1005023E-03,+205.0878104E-03
+808.0800E-06,-20.1005023E-03,+4.0827841E-03
+808.6000E-06,+20.1005023E-03,+4.0827841E-03
+809.1200E-06,-80.4020092E-03,+4.0827844E-03
+809.6400E-06,+80.4020092E-03,+4.0827844E-03
+810.1600E-06,-120.6030138E-03,+205.0878104E-03
+810.6800E-06,+120.6030138E-03,+205.0878104E-03
+811.2000E-06,-140.7035161E-03,+205.0878104E-03
+811.7200E-06,+120.6030138E-03,+205.0878108E-03
+812.2400E-06,-180.9045206E-03,+205.0878104E-03
+812.7600E-06,+100.5025115E-03,+205.0878104E-03
+813.2800E-06,-140.7035160E-03,+205.0878108E-03
+813.8000E-06,+80.4020092E-03,+4.0827841E-03
+814.3200E-06,-80.4020092E-03,+205.0878108E-03
+814.8400E-06,+40.2010046E-03,+205.0878104E-03
+815.3600E-06,-40.2010046E-03,+4.0827844E-03
+815.8800E-06,+20.1005022E-03,+4.0827844E-03
+816.4000E-06,-20.1005022E-03,+205.0878104E-03
+816.9200E-06,-40.2010046E-03,+205.0878108E-03
+817.4400E-06,+20.1005023E-03,+205.0878104E-03
+817.9600E-06,-80.4020092E-03,+205.0878104E-03
+818.4800E-06,+80.4020092E-03,+4.0827841E-03
+819.0000E-06,-140.7035160E-03,+4.0827837E-03
+819.5200E-06,+80.4020093E-03,+4.0827841E-03
+820.0400E-06,-160.8040183E-03,+4.0827844E-03
+820.5600E-06,+100.5025115E-03,+4.0827841E-03
+821.0800E-06,-140.7035161E-03,+4.0827841E-03
+821.6000E-06,+140.7035160E-03,+4.0827844E-03
+822.1200E-06,-160.8040184E-03,-196.9222423E-03
+822.6400E-06,+120.6030138E-03,+205.0878108E-03
+823.1600E-06,-160.8040183E-03,+205.0878104E-03
+823.6800E-06,+120.6030138E-03,+4.0827841E-03
+824.2000E-06,-140.7035161E-03,+4.0827844E-03
+824.7200E-06,+80.4020092E-03,+4.0827841E-03
+825.2400E-06,-120.6030138E-03,+4.0827841E-03
+825.7600E-06,+100.5025115E-03,+4.0827841E-03
+826.2800E-06,-100.5025115E-03,+4.0827841E-03
+826.8000E-06,+60.3015069E-03,+205.0878108E-03
+827.3200E-06,-100.5025115E-03,+4.0827844E-03
+827.8400E-06,+80.4020091E-03,+4.0827844E-03
+828.3600E-06,-80.4020092E-03,+4.0827844E-03
+828.8800E-06,+40.2010046E-03,+4.0827844E-03
+829.4000E-06,-60.3015069E-03,+4.0827844E-03
+829.9200E-06,+20.1005023E-03,+205.0878104E-03
+830.4400E-06,-60.3015069E-03,+205.0878104E-03
+830.9600E-06,+20.1005023E-03,+4.0827844E-03
+831.4800E-06,-60.3015069E-03,+205.0878108E-03
+832.0000E-06,+20.1005023E-03,+4.0827841E-03
+832.5200E-06,-40.2010046E-03,+4.0827844E-03
+833.0400E-06,+0.0E+00,+4.0827844E-03
+833.5600E-06,-60.3015068E-03,+4.0827841E-03
+834.0800E-06,+20.1005022E-03,+4.0827841E-03
+834.6000E-06,-20.1005023E-03,+4.0827841E-03
+835.1200E-06,-0.0E+00,+4.0827841E-03
+835.6400E-06,-40.2010045E-03,+4.0827844E-03
+836.1600E-06,-0.0E+00,+4.0827844E-03
+836.6800E-06,-0.0E+00,+205.0878104E-03
+837.2000E-06,-0.0E+00,+4.0827844E-03
+837.7200E-06,-40.2010045E-03,+4.0827844E-03
+838.2400E-06,-0.0E+00,+205.0878104E-03
+838.7600E-06,-40.2010046E-03,+4.0827841E-03
+839.2800E-06,+0.0E+00,+205.0878104E-03
+839.8000E-06,-60.3015068E-03,+4.0827841E-03
+840.3200E-06,+0.0E+00,+205.0878108E-03
+840.8400E-06,-60.3015069E-03,+4.0827841E-03
+841.3600E-06,+20.1005023E-03,+205.0878104E-03
+841.8800E-06,-80.4020092E-03,+4.0827844E-03
+842.4000E-06,+20.1005023E-03,+4.0827844E-03
+842.9200E-06,-80.4020092E-03,+4.0827841E-03
+843.4400E-06,+60.3015069E-03,+4.0827841E-03
+843.9600E-06,-80.4020092E-03,+4.0827841E-03
+844.4800E-06,+80.4020092E-03,+4.0827841E-03
+845.0000E-06,-100.5025115E-03,+4.0827844E-03
+845.5200E-06,+100.5025114E-03,+4.0827844E-03
+846.0400E-06,-120.6030137E-03,+205.0878108E-03
+846.5600E-06,+100.5025115E-03,+205.0878108E-03
+847.0800E-06,-140.7035160E-03,+4.0827841E-03
+847.6000E-06,+100.5025115E-03,+205.0878104E-03
+848.1200E-06,-140.7035161E-03,+205.0878108E-03
+848.6400E-06,+100.5025115E-03,+205.0878108E-03
+849.1600E-06,-160.8040183E-03,+4.0827844E-03
+849.6800E-06,+100.5025115E-03,-196.9222423E-03
+850.2000E-06,-140.7035161E-03,+205.0878104E-03
+850.7200E-06,+100.5025115E-03,+205.0878104E-03
+851.2400E-06,-140.7035161E-03,+4.0827841E-03
+851.7600E-06,+60.3015070E-03,+4.0827837E-03
+852.2800E-06,-100.5025115E-03,+205.0878108E-03
+852.8000E-06,+60.3015069E-03,+205.0878104E-03
+853.3200E-06,-60.3015070E-03,+205.0878108E-03
+853.8400E-06,+40.2010045E-03,+4.0827841E-03
+854.3600E-06,-40.2010046E-03,+4.0827844E-03
+854.8800E-06,-20.1005023E-03,+4.0827841E-03
+855.4000E-06,+0.0E+00,+205.0878104E-03
+855.9200E-06,-60.3015069E-03,+4.0827841E-03
+856.4400E-06,+60.3015069E-03,+4.0827841E-03
+856.9600E-06,-80.4020092E-03,+4.0827841E-03
+857.4800E-06,+80.4020092E-03,+205.0878108E-03
+858.0000E-06,-120.6030137E-03,+4.0827844E-03
+858.5200E-06,+100.5025115E-03,+4.0827844E-03
+859.0400E-06,-140.7035161E-03,+4.0827841E-03
+859.5600E-06,+100.5025115E-03,+4.0827844E-03
+860.0800E-06,-120.6030138E-03,+4.0827837E-03
+860.6000E-06,+80.4020092E-03,+205.0878108E-03
+861.1200E-06,-120.6030138E-03,+4.0827844E-03
+861.6400E-06,+60.3015069E-03,+4.0827844E-03
+862.1600E-06,-60.3015069E-03,+4.0827841E-03
+862.6800E-06,-20.1005023E-03,+4.0827841E-03
+863.2000E-06,-0.0E+00,+4.0827844E-03
+863.7200E-06,-60.3015069E-03,+4.0827844E-03
+864.2400E-06,+60.3015069E-03,+205.0878104E-03
+864.7600E-06,-120.6030137E-03,+205.0878104E-03
+865.2800E-06,+100.5025114E-03,+4.0827844E-03
+865.8000E-06,-140.7035161E-03,+205.0878104E-03
+866.3200E-06,+100.5025115E-03,+205.0878104E-03
+866.8400E-06,-140.7035161E-03,+4.0827841E-03
+867.3600E-06,+80.4020092E-03,+4.0827841E-03
+867.8800E-06,-80.4020092E-03,+4.0827841E-03
+868.4000E-06,+40.2010046E-03,+205.0878104E-03
+868.9200E-06,-20.1005023E-03,+205.0878104E-03
+869.4400E-06,-60.3015069E-03,+4.0827841E-03
+869.9600E-06,+60.3015069E-03,+205.0878108E-03
+870.4800E-06,-100.5025115E-03,+4.0827841E-03
+871.0000E-06,+100.5025114E-03,+205.0878108E-03
+871.5200E-06,-140.7035160E-03,+4.0827841E-03
+872.0400E-06,+100.5025115E-03,+4.0827841E-03
+872.5600E-06,-120.6030138E-03,+4.0827844E-03
+873.0800E-06,+60.3015069E-03,+205.0878108E-03
+873.6000E-06,-60.3015069E-03,+4.0827844E-03
+874.1200E-06,+0.0E+00,+205.0878108E-03
+874.6400E-06,+40.2010046E-03,+4.0827841E-03
+875.1600E-06,-100.5025114E-03,+4.0827841E-03
+875.6800E-06,+80.4020092E-03,+205.0878104E-03
+876.2000E-06,-120.6030138E-03,+4.0827841E-03
+876.7200E-06,+100.5025115E-03,+205.0878104E-03
+877.2400E-06,-120.6030138E-03,+4.0827844E-03
+877.7600E-06,+40.2010046E-03,+4.0827841E-03
+878.2800E-06,-40.2010046E-03,+4.0827844E-03
+878.8000E-06,-20.1005023E-03,+205.0878108E-03
+879.3200E-06,+40.2010046E-03,+4.0827841E-03
+879.8400E-06,-120.6030137E-03,+205.0878104E-03
+880.3600E-06,+100.5025115E-03,+205.0878108E-03
+880.8800E-06,-140.7035160E-03,+4.0827844E-03
+881.4000E-06,+80.4020092E-03,+4.0827844E-03
+881.9200E-06,-80.4020092E-03,+4.0827841E-03
+882.4400E-06,+0.0E+00,+4.0827844E-03
+882.9600E-06,+20.1005022E-03,+205.0878104E-03
+883.4800E-06,-100.5025114E-03,+4.0827844E-03
+884.0000E-06,+100.5025114E-03,+4.0827844E-03
+884.5200E-06,-140.7035161E-03,+205.0878104E-03
+885.0400E-06,+100.5025115E-03,+4.0827844E-03
+885.5600E-06,-80.4020092E-03,+4.0827844E-03
+886.0800E-06,+0.0E+00,+4.0827844E-03
+886.6000E-06,+20.1005023E-03,+4.0827844E-03
+887.1200E-06,-100.5025114E-03,+205.0878108E-03
+887.6400E-06,+80.4020092E-03,+205.0878108E-03
+888.1600E-06,-120.6030138E-03,+4.0827844E-03
+888.6800E-06,+80.4020092E-03,+4.0827844E-03
+889.2000E-06,-40.2010047E-03,+205.0878104E-03
+889.7200E-06,-20.1005023E-03,+4.0827841E-03
+890.2400E-06,+60.3015069E-03,+205.0878108E-03
+890.7600E-06,-120.6030137E-03,+4.0827841E-03
+891.2800E-06,+100.5025115E-03,+205.0878108E-03
+891.8000E-06,-120.6030138E-03,+205.0878104E-03
+892.3200E-06,+40.2010046E-03,+4.0827845E-03
+892.8400E-06,-20.1005024E-03,+205.0878108E-03
+893.3600E-06,-60.3015069E-03,+4.0827845E-03
+893.8800E-06,+100.5025114E-03,+205.0878108E-03
+894.4000E-06,-120.6030138E-03,+205.0878104E-03
+894.9200E-06,+80.4020092E-03,+4.0827841E-03
+895.4400E-06,-80.4020092E-03,+4.0827837E-03
+895.9600E-06,-40.2010046E-03,+205.0878108E-03
+896.4800E-06,+60.3015069E-03,+4.0827841E-03
+897.0000E-06,-140.7035160E-03,+4.0827845E-03
+897.5200E-06,+100.5025115E-03,+4.0827845E-03
+898.0400E-06,-120.6030137E-03,+4.0827841E-03
+898.5600E-06,+0.0E+00,+4.0827845E-03
+899.0800E-06,+20.1005023E-03,+205.0878108E-03
+899.6000E-06,-100.5025115E-03,+205.0878104E-03
+900.1200E-06,+100.5025115E-03,+4.0827845E-03
+900.6400E-06,-100.5025115E-03,+205.0878108E-03
+901.1600E-06,+20.1005023E-03,+205.0878108E-03
+901.6800E-06,+20.1005023E-03,+4.0827845E-03
+902.2000E-06,-100.5025114E-03,+4.0827845E-03
+902.7200E-06,+80.4020092E-03,+4.0827841E-03
+903.2400E-06,-100.5025115E-03,+4.0827841E-03
+903.7600E-06,+20.1005023E-03,+4.0827841E-03
+904.2800E-06,-0.0E+00,+4.0827841E-03
+904.8000E-06,-100.5025114E-03,+4.0827837E-03
+905.3200E-06,+100.5025115E-03,+4.0827841E-03
+905.8400E-06,-100.5025115E-03,+205.0878103E-03
+906.3600E-06,+20.1005023E-03,+205.0878108E-03
+906.8800E-06,+20.1005023E-03,+205.0878103E-03
+907.4000E-06,-120.6030137E-03,+4.0827841E-03
+907.9200E-06,+80.4020092E-03,+4.0827845E-03
+908.4400E-06,-80.4020092E-03,+205.0878103E-03
+908.9600E-06,+0.0E+00,+4.0827841E-03
+909.4800E-06,+60.3015069E-03,+4.0827841E-03
+910.0000E-06,-120.6030138E-03,+4.0827845E-03
+910.5200E-06,+100.5025114E-03,+4.0827841E-03
+911.0400E-06,-80.4020092E-03,+4.0827841E-03
+911.5600E-06,-40.2010046E-03,+4.0827845E-03
+912.0800E-06,+60.3015069E-03,+205.0878108E-03
+912.6000E-06,-120.6030138E-03,+205.0878103E-03
+913.1200E-06,+40.2010046E-03,+4.0827845E-03
+913.6400E-06,-40.2010046E-03,+4.0827845E-03
+914.1600E-06,-100.5025114E-03,+205.0878108E-03
+914.6800E-06,+100.5025115E-03,+4.0827841E-03
+915.2000E-06,-100.5025115E-03,+4.0827841E-03
+915.7200E-06,+0.0E+00,+205.0878108E-03
+916.2400E-06,+40.2010046E-03,+205.0878108E-03
+916.7600E-06,-120.6030138E-03,+4.0827845E-03
+917.2800E-06,+60.3015069E-03,+205.0878103E-03
+917.8000E-06,-40.2010046E-03,+4.0827845E-03
+918.3200E-06,-100.5025114E-03,+205.0878103E-03
+918.8400E-06,+60.3015069E-03,+4.0827841E-03
+919.3600E-06,-100.5025115E-03,+4.0827841E-03
+919.8800E-06,-20.1005023E-03,+205.0878103E-03
+920.4000E-06,+40.2010046E-03,+205.0878108E-03
+920.9200E-06,-120.6030138E-03,+205.0878103E-03
+921.4400E-06,+40.2010046E-03,+205.0878103E-03
+921.9600E-06,-20.1005023E-03,-196.9222418E-03
+922.4800E-06,-100.5025115E-03,+205.0878108E-03
+923.0000E-06,+100.5025115E-03,+4.0827841E-03
+923.5200E-06,-60.3015069E-03,+205.0878103E-03
+924.0400E-06,-60.3015068E-03,-196.9222418E-03
+924.5600E-06,+60.3015069E-03,+4.0827845E-03
+925.0800E-06,-100.5025115E-03,-196.9222422E-03
+925.6000E-06,+20.1005023E-03,+4.0827841E-03
+926.1200E-06,+40.2010045E-03,+205.0878103E-03
+926.6400E-06,-120.6030138E-03,+4.0827841E-03
+927.1600E-06,+80.4020091E-03,+205.0878103E-03
+927.6800E-06,-0.0E+00,+205.0878103E-03
+928.2000E-06,-100.5025115E-03,+4.0827841E-03
+928.7200E-06,+80.4020092E-03,+4.0827845E-03
+929.2400E-06,-60.3015069E-03,+4.0827841E-03
+929.7600E-06,-80.4020091E-03,+4.0827841E-03
+930.2800E-06,+100.5025114E-03,+4.0827845E-03
+930.8000E-06,-80.4020092E-03,+406.0928366E-03
+931.3200E-06,-40.2010046E-03,+4.0827841E-03
+931.8400E-06,+60.3015069E-03,+205.0878108E-03
+932.3600E-06,-100.5025115E-03,+4.0827845E-03
+932.8800E-06,+20.1005023E-03,+205.0878103E-03
+933.4000E-06,+60.3015068E-03,+205.0878103E-03
+933.9200E-06,-120.6030138E-03,+4.0827836E-03
+934.4400E-06,+20.1005023E-03,+205.0878103E-03
+934.9600E-06,+40.2010045E-03,+205.0878103E-03
+935.4800E-06,-120.6030138E-03,+4.0827845E-03
+936.0000E-06,+80.4020091E-03,+4.0827845E-03
+936.5200E-06,+20.1005022E-03,+4.0827845E-03
+937.0400E-06,-100.5025115E-03,+4.0827841E-03
+937.5600E-06,+60.3015069E-03,+4.0827845E-03
+938.0800E-06,+0.0E+00,+4.0827841E-03
+938.6000E-06,-100.5025115E-03,+4.0827845E-03
+939.1200E-06,+60.3015069E-03,+4.0827841E-03
+939.6400E-06,-100E-12,+4.0827845E-03
+940.1600E-06,-100.5025114E-03,+4.0827845E-03
+940.6800E-06,+60.3015069E-03,+205.0878108E-03
+941.2000E-06,-40.2010046E-03,+205.0878108E-03
+941.7200E-06,-100.5025115E-03,+205.0878103E-03
+942.2400E-06,+60.3015069E-03,+205.0878108E-03
+942.7600E-06,-20.1005023E-03,+4.0827845E-03
+943.2800E-06,-100.5025115E-03,+205.0878108E-03
+943.8000E-06,+80.4020091E-03,+4.0827845E-03
+944.3200E-06,-100E-12,+205.0878103E-03
+944.8400E-06,-120.6030137E-03,+4.0827845E-03
+945.3600E-06,+60.3015069E-03,-196.9222417E-03
+945.8800E-06,-0.0E+00,+4.0827841E-03
+946.4000E-06,-120.6030137E-03,+4.0827845E-03
+946.9200E-06,+40.2010046E-03,+205.0878103E-03
+947.4400E-06,+20.1005023E-03,+205.0878108E-03
+947.9600E-06,-120.6030137E-03,+4.0827845E-03
+948.4800E-06,+40.2010046E-03,+205.0878103E-03
+949.0000E-06,+20.1005023E-03,+205.0878103E-03
+949.5200E-06,-100.5025115E-03,+205.0878103E-03
+950.0400E-06,+20.1005023E-03,+4.0827841E-03
+950.5600E-06,+60.3015069E-03,+205.0878103E-03
+951.0800E-06,-100.5025115E-03,+4.0827841E-03
+951.6000E-06,+0.0E+00,+205.0878103E-03
+952.1200E-06,+60.3015069E-03,+4.0827845E-03
+952.6400E-06,-80.4020092E-03,+4.0827845E-03
+953.1600E-06,-40.2010046E-03,+4.0827845E-03
+953.6800E-06,+80.4020092E-03,+4.0827845E-03
+954.2000E-06,-40.2010046E-03,+4.0827845E-03
+954.7200E-06,-80.4020091E-03,+205.0878108E-03
+955.2400E-06,+60.3015069E-03,+205.0878103E-03
+955.7600E-06,-100E-12,+4.0827841E-03
+956.2800E-06,-100.5025115E-03,+4.0827845E-03
+956.8000E-06,+40.2010046E-03,+205.0878103E-03
+957.3200E-06,+20.1005023E-03,+205.0878103E-03
+957.8400E-06,-120.6030137E-03,+205.0878103E-03
+958.3600E-06,+0.0E+00,+4.0827841E-03
+958.8800E-06,+80.4020091E-03,+205.0878108E-03
+959.4000E-06,-100.5025115E-03,+4.0827841E-03
+959.9200E-06,-40.2010046E-03,+4.0827841E-03
+960.4400E-06,+100.5025114E-03,+4.0827841E-03
+960.9600E-06,-20.1005023E-03,+4.0827841E-03
+961.4800E-06,-100.5025115E-03,+205.0878108E-03
+962.0000E-06,+20.1005024E-03,+4.0827845E-03
+962.5200E-06,+100E-12,+205.0878108E-03
+963.0400E-06,-100.5025115E-03,+205.0878103E-03
+963.5600E-06,-20.1005022E-03,+4.0827841E-03
+964.0800E-06,+100.5025114E-03,+4.0827841E-03
+964.6000E-06,-60.3015069E-03,+205.0878103E-03
+965.1200E-06,-60.3015069E-03,+205.0878108E-03
+965.6400E-06,+80.4020091E-03,+205.0878108E-03
+966.1600E-06,+20.1005023E-03,+4.0827845E-03
+966.6800E-06,-100.5025115E-03,+205.0878103E-03
+967.2000E-06,+20.1005023E-03,+205.0878103E-03
+967.7200E-06,+60.3015069E-03,+4.0827845E-03
+968.2400E-06,-60.3015069E-03,+4.0827841E-03
+968.7600E-06,-100.5025113E-03,+205.0878108E-03
+969.2800E-06,+40.2010046E-03,+205.0878103E-03
+969.8000E-06,+20.1005022E-03,+4.0827841E-03
+970.3200E-06,-100.5025115E-03,+4.0827845E-03
+970.8400E-06,+0.0E+00,+4.0827841E-03
+971.3600E-06,+80.4020092E-03,+205.0878103E-03
+971.8800E-06,-40.2010046E-03,+4.0827841E-03
+972.4000E-06,-100.5025114E-03,+205.0878103E-03
+972.9200E-06,+40.2010046E-03,+4.0827841E-03
+973.4400E-06,+60.3015068E-03,+4.0827841E-03
+973.9600E-06,-100.5025115E-03,+205.0878108E-03
+974.4800E-06,-40.2010046E-03,+205.0878103E-03
+975.0000E-06,+80.4020091E-03,+4.0827845E-03
+975.5200E-06,-20.1005023E-03,+205.0878103E-03
+976.0400E-06,-120.6030138E-03,+4.0827845E-03
+976.5600E-06,+0.0E+00,+205.0878108E-03
+977.0800E-06,+80.4020091E-03,+205.0878103E-03
+977.6000E-06,-40.2010047E-03,+4.0827845E-03
+978.1200E-06,-100.5025115E-03,+205.0878103E-03
+978.6400E-06,+20.1005023E-03,+4.0827841E-03
+979.1600E-06,+60.3015068E-03,+205.0878108E-03
+979.6800E-06,-60.3015069E-03,+4.0827841E-03
+980.2000E-06,-80.4020091E-03,+205.0878108E-03
+980.7200E-06,+80.4020092E-03,-196.9222422E-03
+981.2400E-06,+20.1005023E-03,+4.0827841E-03
+981.7600E-06,-80.4020092E-03,+205.0878103E-03
+982.2800E-06,-80.4020091E-03,+4.0827845E-03
+982.8000E-06,+60.3015069E-03,+406.0928365E-03
+983.3200E-06,+20.1005023E-03,+4.0827845E-03
+983.8400E-06,-80.4020092E-03,+4.0827841E-03
+984.3600E-06,-80.4020091E-03,+4.0827841E-03
+984.8800E-06,+80.4020091E-03,+4.0827845E-03
+985.4000E-06,+20.1005023E-03,+4.0827845E-03
+985.9200E-06,-120.6030137E-03,+205.0878108E-03
+986.4400E-06,-60.3015068E-03,+205.0878108E-03
+986.9600E-06,+60.3015069E-03,+205.0878108E-03
+987.4800E-06,+40.2010045E-03,+205.0878103E-03
+988.0000E-06,-80.4020092E-03,+205.0878108E-03
+988.5200E-06,-40.2010047E-03,+4.0827841E-03
+989.0400E-06,+40.2010046E-03,+4.0827845E-03
+989.5600E-06,+20.1005024E-03,+4.0827841E-03
+990.0800E-06,-80.4020092E-03,+4.0827841E-03
+990.6000E-06,-80.4020091E-03,+205.0878108E-03
+991.1200E-06,+20.1005023E-03,+205.0878108E-03
+991.6400E-06,+60.3015069E-03,+205.0878103E-03
+992.1600E-06,-40.2010046E-03,+205.0878108E-03
+992.6800E-06,-100.5025114E-03,+205.0878098E-03
+993.2000E-06,+0.0E+00,+205.0878103E-03
+993.7200E-06,+60.3015068E-03,+205.0878108E-03
+994.2400E-06,-20.1005023E-03,+205.0878103E-03
+994.7600E-06,-100.5025115E-03,+4.0827846E-03
+995.2800E-06,-40.2010045E-03,+205.0878108E-03
+995.8000E-06,+80.4020092E-03,+4.0827841E-03
+996.3200E-06,+20.1005023E-03,+4.0827846E-03
+996.8400E-06,-100.5025115E-03,+4.0827841E-03
+997.3600E-06,-80.4020091E-03,+4.0827841E-03
+997.8800E-06,+20.1005023E-03,+205.0878103E-03
+998.4000E-06,+60.3015069E-03,+4.0827846E-03
+998.9200E-06,-20.1005023E-03,+4.0827841E-03
+999.4400E-06,-100.5025115E-03,+4.0827841E-03
+999.9600E-06,-40.2010045E-03,+4.2251883447E+00
+1.0004800E-03,+100.5025115E-03,+4.2251883442E+00
+1.0010000E-03,+221.1055252E-03,+4.2251883452E+00
+1.0015200E-03,+180.9045206E-03,+4.2251883447E+00
+1.0020400E-03,+40.2010046E-03,+4.2251883447E+00
+1.0025600E-03,-60.3015069E-03,+4.2251883447E+00
+1.0030800E-03,-221.1055253E-03,+4.2251883447E+00
+1.0036000E-03,-341.7085390E-03,+4.2251883447E+00
+1.0041200E-03,-442.2110505E-03,+4.4261933709E+00
+1.0046400E-03,-482.4120551E-03,+4.2251883452E+00
+1.0051600E-03,-482.4120551E-03,+4.2251883452E+00
+1.0056800E-03,-422.1105482E-03,+4.2251883452E+00
+1.0062000E-03,-341.7085390E-03,+4.2251883447E+00
+1.0067200E-03,-180.9045208E-03,+4.4261933714E+00
+1.0072400E-03,-40.2010047E-03,+4.4261933709E+00
+1.0077600E-03,+100.5025114E-03,+4.2251883452E+00
+1.0082800E-03,+221.1055252E-03,+4.4261933714E+00
+1.0088000E-03,+341.7085391E-03,+4.2251883442E+00
+1.0093200E-03,+422.1105482E-03,+4.4261933709E+00
+1.0098400E-03,+442.2110506E-03,+4.4261933709E+00
+1.0103600E-03,+442.2110505E-03,+4.4261933714E+00
+1.0108800E-03,+361.8090414E-03,+4.2251883447E+00
+1.0114000E-03,+261.3065299E-03,+4.2251883447E+00
+1.0119200E-03,+100.5025115E-03,+4.4261933709E+00
+1.0124400E-03,-40.2010045E-03,+4.4261933704E+00
+1.0129600E-03,-201.0050229E-03,+4.2251883447E+00
+1.0134800E-03,-321.6080368E-03,+4.4261933709E+00
